Country,Region,happiness_score,GDP_per_cap,life_expect,Freedom,Generosity,continent,Year
Switzerland,Western Europe,7.587000000000001,1.3965100000000001,0.9414299999999999,0.66557,0.29678000000000004,Europe,2015
Iceland,Western Europe,7.561,1.3023200000000001,0.94784,0.6287699999999999,0.4363,Europe,2015
Denmark,Western Europe,7.527,1.32548,0.87464,0.6493800000000001,0.34139,Europe,2015
Norway,Western Europe,7.522,1.459,0.88521,0.66973,0.34699,Europe,2015
Canada,North America,7.4270000000000005,1.32629,0.9056299999999999,0.63297,0.45811,America,2015
Finland,Western Europe,7.406000000000001,1.29025,0.8891100000000001,0.64169,0.23351,Europe,2015
Netherlands,Western Europe,7.377999999999999,1.32944,0.89284,0.6157600000000001,0.4761,Europe,2015
Sweden,Western Europe,7.364,1.33171,0.9108700000000001,0.6598,0.36262,Europe,2015
New Zealand,Australia and New Zealand,7.2860000000000005,1.2501799999999998,0.9083700000000001,0.6393800000000001,0.47501000000000004,Oceania ,2015
Australia,Australia and New Zealand,7.284,1.33358,0.93156,0.6512399999999999,0.43562,Oceania ,2015
Israel,Middle East and Northern Africa,7.278,1.2285700000000002,0.9138700000000001,0.41318999999999995,0.33171999999999996,Africa,2015
Costa Rica,Latin America and Caribbean,7.226,0.95578,0.8602700000000001,0.63376,0.25497,America,2015
Austria,Western Europe,7.2,1.33723,0.8904200000000001,0.62433,0.33088,Europe,2015
Mexico,Latin America and Caribbean,7.187,1.02054,0.8144399999999999,0.48181,0.14074,America,2015
United States,North America,7.119,1.3945100000000001,0.86179,0.54604,0.40105,America,2015
Brazil,Latin America and Caribbean,6.983,0.98124,0.69702,0.49049,0.14574,America,2015
Luxembourg,Western Europe,6.946000000000001,1.5639100000000001,0.91894,0.61583,0.28034000000000003,Europe,2015
Ireland,Western Europe,6.94,1.33596,0.89533,0.6177699999999999,0.45901000000000003,Europe,2015
Belgium,Western Europe,6.937,1.30782,0.8966700000000001,0.5845,0.2225,Europe,2015
United Arab Emirates,Middle East and Northern Africa,6.901,1.42727,0.80925,0.64157,0.26428,Africa,2015
United Kingdom,Western Europe,6.867000000000001,1.26637,0.90943,0.59625,0.51912,Europe,2015
Venezuela,Latin America and Caribbean,6.81,1.04424,0.7205199999999999,0.42908,0.058410000000000004,America,2015
Singapore,Southeastern Asia,6.797999999999999,1.52186,1.02525,0.54252,0.31105,Asia,2015
Panama,Latin America and Caribbean,6.7860000000000005,1.0635299999999999,0.79661,0.5421,0.24434,America,2015
Germany,Western Europe,6.75,1.32792,0.89186,0.6147699999999999,0.28214,Europe,2015
Chile,Latin America and Caribbean,6.67,1.10715,0.85857,0.44132,0.33363000000000004,America,2015
Qatar,Middle East and Northern Africa,6.611000000000001,1.69042,0.79733,0.6404,0.32573,Africa,2015
France,Western Europe,6.575,1.27778,0.9457899999999999,0.55011,0.12332,Europe,2015
Argentina,Latin America and Caribbean,6.574,1.05351,0.78723,0.44974,0.11450999999999999,America,2015
Czech Republic,Central and Eastern Europe,6.505,1.17898,0.84483,0.46363999999999994,0.10686,Europe,2015
Uruguay,Latin America and Caribbean,6.485,1.06166,0.8116,0.6036199999999999,0.2324,America,2015
Colombia,Latin America and Caribbean,6.477,0.91861,0.69077,0.53466,0.18400999999999998,America,2015
Thailand,Southeastern Asia,6.455,0.9669,0.7385,0.5566399999999999,0.5763,Asia,2015
Saudi Arabia,Middle East and Northern Africa,6.4110000000000005,1.39541,0.72025,0.31048000000000003,0.13706,Africa,2015
Spain,Western Europe,6.329,1.23011,0.95562,0.45951000000000003,0.18227000000000002,Europe,2015
Malta,Western Europe,6.3020000000000005,1.2074,0.88721,0.60365,0.51752,Europe,2015
Taiwan,Eastern Asia,6.297999999999999,1.29098,0.8753,0.3974,0.25376,Asia,2015
Kuwait,Middle East and Northern Africa,6.295,1.5542200000000002,0.72492,0.55499,0.16228,Africa,2015
El Salvador,Latin America and Caribbean,6.13,0.76454,0.67737,0.4035,0.10692,America,2015
Guatemala,Latin America and Caribbean,6.122999999999999,0.74553,0.64425,0.57733,0.27489,America,2015
Uzbekistan,Central and Eastern Europe,6.002999999999999,0.63244,0.59772,0.6582100000000001,0.22837,Europe,2015
Slovakia,Central and Eastern Europe,5.995,1.1689100000000001,0.7890199999999999,0.31751,0.16893,Europe,2015
Japan,Eastern Asia,5.987,1.27074,0.99111,0.49615,0.10705,Asia,2015
South Korea,Eastern Asia,5.984,1.24461,0.9653799999999999,0.33208000000000004,0.18557,Asia,2015
Ecuador,Latin America and Caribbean,5.975,0.8640200000000001,0.79075,0.48573999999999995,0.11540999999999998,America,2015
Bahrain,Middle East and Northern Africa,5.96,1.32376,0.74716,0.45492,0.17362,Africa,2015
Italy,Western Europe,5.9479999999999995,1.25114,0.9544600000000001,0.26236,0.22823000000000002,Europe,2015
Bolivia,Latin America and Caribbean,5.89,0.68133,0.5392,0.57414,0.20536,America,2015
Moldova,Central and Eastern Europe,5.888999999999999,0.59448,0.61826,0.32818,0.20951,Europe,2015
Paraguay,Latin America and Caribbean,5.877999999999999,0.75985,0.66098,0.53899,0.3424,America,2015
Kazakhstan,Central and Eastern Europe,5.855,1.1225399999999999,0.64368,0.51649,0.11827,Europe,2015
Slovenia,Central and Eastern Europe,5.848,1.18498,0.8733700000000001,0.60855,0.25328,Europe,2015
Lithuania,Central and Eastern Europe,5.832999999999999,1.14723,0.73128,0.21341999999999997,0.026410000000000003,Europe,2015
Nicaragua,Latin America and Caribbean,5.827999999999999,0.59325,0.7431399999999999,0.55475,0.27815,America,2015
Peru,Latin America and Caribbean,5.824,0.9001899999999999,0.73017,0.41496000000000005,0.14982,America,2015
Belarus,Central and Eastern Europe,5.813,1.0319200000000002,0.7360800000000001,0.37938,0.11045999999999999,Europe,2015
Poland,Central and Eastern Europe,5.791,1.12555,0.77903,0.53122,0.16759000000000002,Europe,2015
Malaysia,Southeastern Asia,5.77,1.12486,0.7239399999999999,0.5302399999999999,0.33075,Asia,2015
Croatia,Central and Eastern Europe,5.7589999999999995,1.08254,0.78805,0.25883,0.054439999999999995,Europe,2015
Libya,Middle East and Northern Africa,5.754,1.13145,0.7038,0.41668,0.18295,Africa,2015
Russia,Central and Eastern Europe,5.716,1.13764,0.6692600000000001,0.36679,0.00199,Europe,2015
Jamaica,Latin America and Caribbean,5.709,0.81038,0.6874100000000001,0.50442,0.2123,America,2015
Cyprus,Western Europe,5.689,1.20813,0.92356,0.40671999999999997,0.30638000000000004,Europe,2015
Algeria,Middle East and Northern Africa,5.605,0.93929,0.61766,0.28579,0.07822,Africa,2015
Kosovo,Central and Eastern Europe,5.5889999999999995,0.80148,0.63132,0.24749000000000002,0.2831,Europe,2015
Turkmenistan,Central and Eastern Europe,5.547999999999999,0.95847,0.53886,0.4761,0.16979,Europe,2015
Mauritius,Sub-Saharan Africa,5.477,1.0076100000000001,0.7095,0.56066,0.37744,Africa,2015
Hong Kong,Eastern Asia,5.474,1.38604,1.01328,0.59608,0.39478,Asia,2015
Estonia,Central and Eastern Europe,5.428999999999999,1.15174,0.77361,0.44888,0.0868,Europe,2015
Indonesia,Southeastern Asia,5.399,0.8282700000000001,0.63793,0.46611,0.51535,Asia,2015
Vietnam,Southeastern Asia,5.36,0.63216,0.7467600000000001,0.59444,0.1686,Asia,2015
Turkey,Middle East and Northern Africa,5.332000000000001,1.06098,0.73172,0.22815,0.12253,Africa,2015
Kyrgyzstan,Central and Eastern Europe,5.2860000000000005,0.47428000000000003,0.65088,0.43477,0.3003,Europe,2015
Nigeria,Sub-Saharan Africa,5.268,0.65435,0.16007000000000002,0.34334000000000003,0.27233,Africa,2015
Bhutan,Southern Asia,5.252999999999999,0.77042,0.57407,0.5320600000000001,0.47998,Asia,2015
Azerbaijan,Central and Eastern Europe,5.212000000000001,1.02389,0.64045,0.3703,0.07799,Europe,2015
Pakistan,Southern Asia,5.194,0.59543,0.51466,0.12102,0.33671,Asia,2015
Jordan,Middle East and Northern Africa,5.192,0.9019799999999999,0.69639,0.40660999999999997,0.11052999999999999,Africa,2015
Montenegro,Central and Eastern Europe,5.192,0.9743799999999999,0.72521,0.1826,0.1614,Europe,2015
China,Eastern Asia,5.14,0.89012,0.81658,0.5169699999999999,0.08185,Asia,2015
Zambia,Sub-Saharan Africa,5.129,0.47038,0.29924,0.48827,0.19591,Africa,2015
Romania,Central and Eastern Europe,5.124,1.04345,0.7689,0.35068,0.13748,Europe,2015
Serbia,Central and Eastern Europe,5.122999999999999,0.92053,0.74836,0.20107,0.19230999999999998,Europe,2015
Portugal,Western Europe,5.102,1.15991,0.8751899999999999,0.51469,0.13719,Europe,2015
Latvia,Central and Eastern Europe,5.098,1.11312,0.72437,0.29671,0.18225999999999998,Europe,2015
Philippines,Southeastern Asia,5.073,0.70532,0.58114,0.62545,0.24991,Asia,2015
Morocco,Middle East and Northern Africa,5.013,0.7347899999999999,0.60954,0.41691000000000006,0.07172,Africa,2015
Albania,Central and Eastern Europe,4.959,0.8786700000000001,0.81325,0.35733000000000004,0.14272,Europe,2015
Bosnia and Herzegovina,Central and Eastern Europe,4.949,0.8322299999999999,0.79081,0.09245,0.24808000000000002,Europe,2015
Dominican Republic,Latin America and Caribbean,4.885,0.8953700000000001,0.66825,0.57672,0.21684,America,2015
Mongolia,Eastern Asia,4.874,0.82819,0.60268,0.43626000000000004,0.3323,Asia,2015
Greece,Western Europe,4.857,1.15406,0.88213,0.07699,0.0,Europe,2015
Lebanon,Middle East and Northern Africa,4.8389999999999995,1.0256399999999999,0.83947,0.33916,0.21854,Africa,2015
Hungary,Central and Eastern Europe,4.8,1.12094,0.75905,0.32111999999999996,0.128,Europe,2015
Honduras,Latin America and Caribbean,4.788,0.59532,0.6951,0.40148,0.23026999999999997,America,2015
Tajikistan,Central and Eastern Europe,4.7860000000000005,0.39047,0.5737899999999999,0.47216,0.22974,Europe,2015
Tunisia,Middle East and Northern Africa,4.739,0.88113,0.73793,0.26268,0.06431,Africa,2015
Palestinian Territories,Middle East and Northern Africa,4.715,0.59867,0.66015,0.24499,0.11250999999999999,Africa,2015
Bangladesh,Southern Asia,4.694,0.39753,0.60164,0.4082,0.21222,Asia,2015
Iran,Middle East and Northern Africa,4.686,1.0088,0.69805,0.30033000000000004,0.38086,Africa,2015
Ukraine,Central and Eastern Europe,4.681,0.79907,0.6739,0.25123,0.15275,Europe,2015
Iraq,Middle East and Northern Africa,4.677,0.98549,0.60237,0.0,0.17922000000000002,Africa,2015
South Africa,Sub-Saharan Africa,4.6419999999999995,0.9204899999999999,0.27688,0.33207,0.11972999999999999,Africa,2015
Ghana,Sub-Saharan Africa,4.633,0.5455800000000001,0.40131999999999995,0.42341999999999996,0.23087,Africa,2015
Zimbabwe,Sub-Saharan Africa,4.61,0.271,0.33475,0.25861,0.18987,Africa,2015
Liberia,Sub-Saharan Africa,4.571000000000001,0.0712,0.34201,0.28531,0.24361999999999998,Africa,2015
India,Southern Asia,4.565,0.64499,0.5152899999999999,0.39786,0.26475,Asia,2015
Haiti,Latin America and Caribbean,4.518,0.26673,0.38847,0.24425,0.46187,America,2015
Congo (Kinshasa),Sub-Saharan Africa,4.5169999999999995,0.0,0.09806000000000001,0.22605,0.24834,Africa,2015
Nepal,Southern Asia,4.513999999999999,0.35996999999999996,0.5687399999999999,0.38282,0.32295999999999997,Asia,2015
Ethiopia,Sub-Saharan Africa,4.512,0.19072999999999998,0.44055,0.4345,0.24325,Africa,2015
Sierra Leone,Sub-Saharan Africa,4.507,0.33024000000000003,0.0,0.4084,0.21488000000000002,Africa,2015
Mauritania,Sub-Saharan Africa,4.436,0.45407,0.35874,0.24231999999999998,0.21899999999999997,Africa,2015
Kenya,Sub-Saharan Africa,4.419,0.36471,0.41435,0.42215,0.37542,Africa,2015
Armenia,Central and Eastern Europe,4.35,0.7682100000000001,0.7299,0.19847,0.07855,Europe,2015
Botswana,Sub-Saharan Africa,4.332,0.99355,0.047760000000000004,0.49495,0.10461,Africa,2015
Myanmar,Southeastern Asia,4.3069999999999995,0.27108000000000004,0.48246000000000006,0.44017,0.79588,Asia,2015
Georgia,Central and Eastern Europe,4.297,0.7419,0.72926,0.40576999999999996,0.055470000000000005,Europe,2015
Malawi,Sub-Saharan Africa,4.292,0.016040000000000002,0.22562,0.43054,0.33128,Africa,2015
Sri Lanka,Southern Asia,4.271,0.83524,0.70806,0.5372600000000001,0.40828000000000003,Asia,2015
Cameroon,Sub-Saharan Africa,4.252,0.4225,0.23401999999999998,0.49309,0.20618000000000003,Africa,2015
Bulgaria,Central and Eastern Europe,4.218,1.01216,0.76649,0.30587,0.11921,Europe,2015
Egypt,Middle East and Northern Africa,4.194,0.8818,0.61712,0.17288,0.11291,Africa,2015
Yemen,Middle East and Northern Africa,4.077,0.5464899999999999,0.40064,0.35570999999999997,0.09131,Africa,2015
Mali,Sub-Saharan Africa,3.995,0.26074,0.20583,0.38856999999999997,0.18798,Africa,2015
Congo (Brazzaville),Sub-Saharan Africa,3.989,0.67866,0.31051,0.41466000000000003,0.12387999999999999,Africa,2015
Uganda,Sub-Saharan Africa,3.931,0.21101999999999999,0.33860999999999997,0.45726999999999995,0.29066,Africa,2015
Senegal,Sub-Saharan Africa,3.904,0.36498,0.4354,0.36772,0.20843000000000003,Africa,2015
Gabon,Sub-Saharan Africa,3.8960000000000004,1.06024,0.43372,0.31914000000000003,0.06822,Africa,2015
Niger,Sub-Saharan Africa,3.845,0.0694,0.29707,0.47691999999999996,0.19387000000000001,Africa,2015
Cambodia,Southeastern Asia,3.819,0.46038,0.61114,0.66246,0.40359,Asia,2015
Tanzania,Sub-Saharan Africa,3.781,0.2852,0.38215,0.32878,0.34376999999999996,Africa,2015
Madagascar,Sub-Saharan Africa,3.681,0.20824,0.46721,0.19184,0.21333000000000002,Africa,2015
Chad,Sub-Saharan Africa,3.667,0.34193,0.1501,0.23501,0.18386,Africa,2015
Guinea,Sub-Saharan Africa,3.656,0.17417,0.24009,0.37725,0.28657,Africa,2015
Ivory Coast,Sub-Saharan Africa,3.655,0.46534,0.15185,0.46866,0.20165,Africa,2015
Burkina Faso,Sub-Saharan Africa,3.5869999999999997,0.25811999999999996,0.27125,0.39493,0.21746999999999997,Africa,2015
Afghanistan,Southern Asia,3.575,0.31982,0.30335,0.23414000000000001,0.3651,Asia,2015
Rwanda,Sub-Saharan Africa,3.465,0.22208000000000003,0.42863999999999997,0.59201,0.22628,Africa,2015
Benin,Sub-Saharan Africa,3.34,0.28665,0.3191,0.4845,0.1826,Africa,2015
Syria,Middle East and Northern Africa,3.0060000000000002,0.6632,0.7219300000000001,0.15684,0.47179,Africa,2015
Burundi,Sub-Saharan Africa,2.905,0.0153,0.22396,0.1185,0.19727,Africa,2015
Togo,Sub-Saharan Africa,2.839,0.20868,0.28443,0.36453,0.16680999999999999,Africa,2015
Denmark,Western Europe,7.526,1.4417799999999998,0.79504,0.5794100000000001,0.36171,Europe,2016
Switzerland,Western Europe,7.5089999999999995,1.5273299999999999,0.86303,0.58557,0.28083,Europe,2016
Iceland,Western Europe,7.501,1.42666,0.8673299999999999,0.56624,0.47678000000000004,Europe,2016
Norway,Western Europe,7.497999999999999,1.57744,0.79579,0.59609,0.37895,Europe,2016
Finland,Western Europe,7.412999999999999,1.40598,0.81091,0.57104,0.25492,Europe,2016
Canada,North America,7.404,1.44015,0.8276,0.5737,0.44833999999999996,America,2016
Netherlands,Western Europe,7.3389999999999995,1.46468,0.8123100000000001,0.55211,0.47416,Europe,2016
New Zealand,Australia and New Zealand,7.334,1.36066,0.83096,0.5814699999999999,0.49401000000000006,Oceania ,2016
Australia,Australia and New Zealand,7.313,1.4444299999999999,0.8512,0.5683699999999999,0.47407,Oceania ,2016
Sweden,Western Europe,7.291,1.45181,0.83121,0.58218,0.38254,Europe,2016
Israel,Middle East and Northern Africa,7.267,1.33766,0.8491700000000001,0.36432,0.32288,Africa,2016
Austria,Western Europe,7.119,1.45038,0.80565,0.54355,0.32865,Europe,2016
United States,North America,7.104,1.50796,0.779,0.48163,0.41076999999999997,America,2016
Costa Rica,Latin America and Caribbean,7.087000000000001,1.06879,0.76146,0.55225,0.22553,America,2016
Germany,Western Europe,6.994,1.44787,0.81487,0.53466,0.30451999999999996,Europe,2016
Brazil,Latin America and Caribbean,6.952000000000001,1.08754,0.61415,0.40425,0.15775999999999998,America,2016
Belgium,Western Europe,6.928999999999999,1.42539,0.8195899999999999,0.51354,0.2424,Europe,2016
Ireland,Western Europe,6.907,1.4834100000000001,0.81455,0.54008,0.44963000000000003,Europe,2016
Luxembourg,Western Europe,6.871,1.6975200000000001,0.8454200000000001,0.5487,0.27571,Europe,2016
Mexico,Latin America and Caribbean,6.778,1.1150799999999998,0.71143,0.37709000000000004,0.11735,America,2016
Singapore,Southeastern Asia,6.739,1.64555,0.94719,0.4877,0.32706,Asia,2016
United Kingdom,Western Europe,6.725,1.40283,0.80991,0.50036,0.50156,Europe,2016
Chile,Latin America and Caribbean,6.705,1.2167,0.8188300000000001,0.37789,0.31595,America,2016
Panama,Latin America and Caribbean,6.7010000000000005,1.18306,0.70835,0.48927,0.2418,America,2016
Argentina,Latin America and Caribbean,6.65,1.15137,0.69711,0.42283999999999994,0.10989000000000002,America,2016
Czech Republic,Central and Eastern Europe,6.596,1.30915,0.76376,0.41418,0.09929,Europe,2016
United Arab Emirates,Middle East and Northern Africa,6.5729999999999995,1.57352,0.72993,0.56215,0.26591,Africa,2016
Uruguay,Latin America and Caribbean,6.545,1.18157,0.72183,0.54388,0.18056,America,2016
Malta,Western Europe,6.4879999999999995,1.30782,0.80315,0.54994,0.56237,Europe,2016
Colombia,Latin America and Caribbean,6.481,1.0303200000000001,0.59659,0.44735,0.15625999999999998,America,2016
France,Western Europe,6.478,1.39488,0.83795,0.46562,0.1216,Europe,2016
Thailand,Southeastern Asia,6.474,1.0893,0.64915,0.49553,0.58696,Asia,2016
Saudi Arabia,Middle East and Northern Africa,6.379,1.48953,0.59267,0.37904,0.15457,Africa,2016
Taiwan,Eastern Asia,6.379,1.39729,0.79565,0.32377,0.25495,Asia,2016
Qatar,Middle East and Northern Africa,6.375,1.82427,0.71723,0.56679,0.32388,Africa,2016
Spain,Western Europe,6.361000000000001,1.34253,0.8789600000000001,0.37545,0.17665,Europe,2016
Algeria,Middle East and Northern Africa,6.355,1.05266,0.6180399999999999,0.21006,0.07044,Africa,2016
Guatemala,Latin America and Caribbean,6.324,0.83454,0.5403899999999999,0.50379,0.28808,America,2016
Kuwait,Middle East and Northern Africa,6.239,1.61714,0.63569,0.43166000000000004,0.15965,Africa,2016
Bahrain,Middle East and Northern Africa,6.218,1.44024,0.65696,0.47375,0.17147,Africa,2016
Venezuela,Latin America and Caribbean,6.084,1.1336700000000002,0.6190399999999999,0.19847,0.0425,America,2016
Slovakia,Central and Eastern Europe,6.077999999999999,1.27973,0.70367,0.23390999999999998,0.13837,Europe,2016
El Salvador,Latin America and Caribbean,6.068,0.8737,0.596,0.37269,0.08877,America,2016
Malaysia,Southeastern Asia,6.005,1.25142,0.62366,0.39031,0.41473999999999994,Asia,2016
Nicaragua,Latin America and Caribbean,5.992000000000001,0.69384,0.65213,0.46581999999999996,0.29773,America,2016
Uzbekistan,Central and Eastern Europe,5.987,0.7359100000000001,0.50163,0.60848,0.34326,Europe,2016
Italy,Western Europe,5.977,1.35495,0.8510200000000001,0.18827,0.16684000000000002,Europe,2016
Ecuador,Latin America and Caribbean,5.976,0.97306,0.68613,0.4027,0.10074,America,2016
Japan,Eastern Asia,5.921,1.3800700000000001,0.91491,0.46761,0.10224,Asia,2016
Kazakhstan,Central and Eastern Europe,5.919,1.22943,0.57386,0.4052,0.15011,Europe,2016
Moldova,Central and Eastern Europe,5.897,0.69177,0.5230899999999999,0.25201999999999997,0.19997,Europe,2016
Russia,Central and Eastern Europe,5.856,1.2322799999999998,0.58991,0.32682,0.027360000000000002,Europe,2016
Poland,Central and Eastern Europe,5.835,1.24585,0.69058,0.4519,0.14443,Europe,2016
South Korea,Eastern Asia,5.835,1.35948,0.88645,0.25168,0.18824000000000002,Asia,2016
Bolivia,Latin America and Caribbean,5.822,0.79422,0.4697,0.50961,0.21698,America,2016
Lithuania,Central and Eastern Europe,5.813,1.2692,0.64674,0.18929,0.02025,Europe,2016
Belarus,Central and Eastern Europe,5.8020000000000005,1.1306200000000002,0.6310399999999999,0.29091,0.13942000000000002,Europe,2016
Slovenia,Central and Eastern Europe,5.768,1.2994700000000001,0.79151,0.53164,0.25738,Europe,2016
Peru,Latin America and Caribbean,5.742999999999999,0.9960200000000001,0.6299399999999999,0.37501999999999996,0.14527,America,2016
Turkmenistan,Central and Eastern Europe,5.6579999999999995,1.08017,0.44006000000000006,0.37408,0.22566999999999998,Europe,2016
Mauritius,Sub-Saharan Africa,5.648,1.14372,0.66189,0.46145,0.36951,Africa,2016
Libya,Middle East and Northern Africa,5.615,1.0668799999999998,0.52304,0.40671999999999997,0.17087,Africa,2016
Latvia,Central and Eastern Europe,5.56,1.2178799999999999,0.63952,0.27996,0.17445,Europe,2016
Cyprus,Western Europe,5.546,1.31857,0.8488,0.29507,0.27906,Europe,2016
Paraguay,Latin America and Caribbean,5.537999999999999,0.8937299999999999,0.58295,0.46235,0.25296,America,2016
Romania,Central and Eastern Europe,5.528,1.1697,0.67602,0.36712,0.12889,Europe,2016
Estonia,Central and Eastern Europe,5.517,1.2796399999999999,0.68098,0.41511000000000003,0.08423,Europe,2016
Jamaica,Latin America and Caribbean,5.51,0.89333,0.5946899999999999,0.43596999999999997,0.22245,America,2016
Croatia,Central and Eastern Europe,5.4879999999999995,1.18649,0.70524,0.23906999999999998,0.18434,Europe,2016
Hong Kong,Eastern Asia,5.457999999999999,1.5107,0.9527700000000001,0.48078999999999994,0.40097,Asia,2016
Kosovo,Central and Eastern Europe,5.401,0.90145,0.54,0.14396,0.27992,Europe,2016
Turkey,Middle East and Northern Africa,5.388999999999999,1.1649200000000002,0.64718,0.23889000000000002,0.04707,Africa,2016
Indonesia,Southeastern Asia,5.314,0.95104,0.49373999999999996,0.39237,0.56521,Asia,2016
Jordan,Middle East and Northern Africa,5.303,0.9967299999999999,0.60712,0.36023,0.14262,Africa,2016
Azerbaijan,Central and Eastern Europe,5.291,1.12373,0.54504,0.35327,0.0564,Europe,2016
Philippines,Southeastern Asia,5.279,0.81217,0.47036000000000006,0.5485399999999999,0.21674000000000002,Asia,2016
China,Eastern Asia,5.245,1.0278,0.73561,0.44011999999999996,0.049589999999999995,Asia,2016
Bhutan,Southern Asia,5.196000000000001,0.8527,0.49759,0.46074,0.48546000000000006,Asia,2016
Kyrgyzstan,Central and Eastern Europe,5.185,0.5604399999999999,0.5544899999999999,0.40212,0.38432,Europe,2016
Serbia,Central and Eastern Europe,5.1770000000000005,1.03437,0.6458,0.15718,0.20736999999999997,Europe,2016
Bosnia and Herzegovina,Central and Eastern Europe,5.162999999999999,0.9338299999999999,0.7076600000000001,0.09511,0.29889,Europe,2016
Montenegro,Central and Eastern Europe,5.1610000000000005,1.07838,0.6353300000000001,0.15111,0.17190999999999998,Europe,2016
Dominican Republic,Latin America and Caribbean,5.155,1.02787,0.5766899999999999,0.52259,0.21286,America,2016
Morocco,Middle East and Northern Africa,5.151,0.8405799999999999,0.5947100000000001,0.25645999999999997,0.040530000000000004,Africa,2016
Hungary,Central and Eastern Europe,5.145,1.24142,0.67608,0.1977,0.099,Europe,2016
Pakistan,Southern Asia,5.132000000000001,0.68816,0.40306,0.14622000000000002,0.31185,Asia,2016
Lebanon,Middle East and Northern Africa,5.129,1.12268,0.76171,0.26228,0.23693000000000003,Africa,2016
Portugal,Western Europe,5.122999999999999,1.27607,0.7936300000000001,0.44727,0.11690999999999999,Europe,2016
Vietnam,Southeastern Asia,5.061,0.74037,0.66157,0.5595399999999999,0.25075,Asia,2016
Tunisia,Middle East and Northern Africa,5.045,0.97724,0.59577,0.23553000000000002,0.03936,Africa,2016
Greece,Western Europe,5.033,1.24886,0.80029,0.05822000000000001,0.0,Europe,2016
Tajikistan,Central and Eastern Europe,4.996,0.48835,0.5311899999999999,0.43408,0.25998000000000004,Europe,2016
Mongolia,Eastern Asia,4.907,0.9885299999999999,0.55469,0.35972,0.34539000000000003,Asia,2016
Nigeria,Sub-Saharan Africa,4.875,0.75216,0.05108,0.27854,0.23219,Africa,2016
Honduras,Latin America and Caribbean,4.871,0.69429,0.5838300000000001,0.26755,0.2044,America,2016
Iran,Middle East and Northern Africa,4.813,1.11758,0.64232,0.22544,0.38538,Africa,2016
Zambia,Sub-Saharan Africa,4.795,0.61202,0.23573000000000002,0.42662,0.17865999999999999,Africa,2016
Nepal,Southern Asia,4.793,0.44626000000000005,0.50073,0.37012,0.3816,Asia,2016
Palestinian Territories,Middle East and Northern Africa,4.754,0.67024,0.56844,0.17744000000000001,0.11154000000000001,Africa,2016
Albania,Central and Eastern Europe,4.655,0.9553,0.73007,0.31866,0.1684,Europe,2016
Bangladesh,Southern Asia,4.643,0.54177,0.52989,0.39778,0.19132000000000002,Asia,2016
Sierra Leone,Sub-Saharan Africa,4.635,0.36485,0.0,0.30685,0.23897,Africa,2016
Iraq,Middle East and Northern Africa,4.575,1.07474,0.51076,0.24856,0.19589,Africa,2016
Cameroon,Sub-Saharan Africa,4.513,0.5249699999999999,0.12697999999999998,0.42736,0.2268,Africa,2016
Ethiopia,Sub-Saharan Africa,4.508,0.29283000000000003,0.34578000000000003,0.36703,0.29522,Africa,2016
South Africa,Sub-Saharan Africa,4.459,1.02416,0.18611,0.42483000000000004,0.13656,Africa,2016
Sri Lanka,Southern Asia,4.415,0.9731799999999999,0.62007,0.50817,0.46978000000000003,Asia,2016
India,Southern Asia,4.404,0.74036,0.45091000000000003,0.40285,0.25028,Asia,2016
Myanmar,Southeastern Asia,4.395,0.34112,0.3988,0.42691999999999997,0.81971,Asia,2016
Egypt,Middle East and Northern Africa,4.362,0.95395,0.5211600000000001,0.18847,0.12705999999999998,Africa,2016
Armenia,Central and Eastern Europe,4.36,0.8608600000000001,0.64083,0.14037,0.07793,Europe,2016
Kenya,Sub-Saharan Africa,4.356,0.52267,0.30146999999999996,0.40576,0.41328000000000004,Africa,2016
Ukraine,Central and Eastern Europe,4.324,0.87287,0.58628,0.12859,0.20363,Europe,2016
Ghana,Sub-Saharan Africa,4.276,0.63107,0.29681,0.40973000000000004,0.21203000000000002,Africa,2016
Congo (Kinshasa),Sub-Saharan Africa,4.272,0.05661,0.188,0.15602,0.25458000000000003,Africa,2016
Georgia,Central and Eastern Europe,4.252,0.8379200000000001,0.64035,0.32461,0.06786,Europe,2016
Congo (Brazzaville),Sub-Saharan Africa,4.236000000000001,0.7710899999999999,0.28212,0.37938,0.12077,Africa,2016
Senegal,Sub-Saharan Africa,4.218999999999999,0.44314,0.40457,0.31056,0.19103,Africa,2016
Bulgaria,Central and Eastern Europe,4.217,1.11306,0.67806,0.21219000000000002,0.12793,Europe,2016
Mauritania,Sub-Saharan Africa,4.2010000000000005,0.6139100000000001,0.28639000000000003,0.1268,0.22685999999999998,Africa,2016
Zimbabwe,Sub-Saharan Africa,4.1930000000000005,0.35041,0.1595,0.25429,0.18503,Africa,2016
Malawi,Sub-Saharan Africa,4.156000000000001,0.08709,0.29364,0.4143,0.30968,Africa,2016
Gabon,Sub-Saharan Africa,4.121,1.15851,0.3494,0.28098,0.062439999999999996,Africa,2016
Mali,Sub-Saharan Africa,4.073,0.31292,0.16347,0.27544,0.21064000000000002,Africa,2016
Haiti,Latin America and Caribbean,4.0280000000000005,0.34097,0.27494,0.12072000000000001,0.47958,America,2016
Botswana,Sub-Saharan Africa,3.9739999999999998,1.09426,0.34752,0.44088999999999995,0.12425,Africa,2016
Ivory Coast,Sub-Saharan Africa,3.9160000000000004,0.55507,0.04476,0.40663,0.20338,Africa,2016
Cambodia,Southeastern Asia,3.907,0.55604,0.42494,0.5885199999999999,0.40339,Asia,2016
Niger,Sub-Saharan Africa,3.8560000000000003,0.1327,0.26161999999999996,0.38040999999999997,0.2097,Africa,2016
Chad,Sub-Saharan Africa,3.763,0.42213999999999996,0.038239999999999996,0.12807000000000002,0.18667,Africa,2016
Burkina Faso,Sub-Saharan Africa,3.739,0.31995,0.21297,0.3337,0.24353000000000002,Africa,2016
Uganda,Sub-Saharan Africa,3.739,0.34719,0.19625,0.43653000000000003,0.27102,Africa,2016
Yemen,Middle East and Northern Africa,3.7239999999999998,0.57939,0.31048000000000003,0.2287,0.09821,Africa,2016
Madagascar,Sub-Saharan Africa,3.695,0.27954,0.37109000000000003,0.13684000000000002,0.2204,Africa,2016
Tanzania,Sub-Saharan Africa,3.6660000000000004,0.47155,0.35700000000000004,0.3176,0.31472,Africa,2016
Liberia,Sub-Saharan Africa,3.622,0.10705999999999999,0.23165,0.25748000000000004,0.24063,Africa,2016
Guinea,Sub-Saharan Africa,3.6069999999999998,0.22415,0.18829,0.30953,0.29914,Africa,2016
Rwanda,Sub-Saharan Africa,3.515,0.32846,0.31865,0.5432,0.23551999999999998,Africa,2016
Benin,Sub-Saharan Africa,3.484,0.39499,0.21028000000000002,0.39747,0.2018,Africa,2016
Afghanistan,Southern Asia,3.36,0.38227,0.17344,0.1643,0.31268,Asia,2016
Togo,Sub-Saharan Africa,3.303,0.28123000000000004,0.24811,0.34678000000000003,0.17517,Africa,2016
Syria,Middle East and Northern Africa,3.069,0.7471899999999999,0.6299399999999999,0.06912,0.48396999999999996,Africa,2016
Burundi,Sub-Saharan Africa,2.905,0.06831,0.15747,0.0432,0.2029,Africa,2016
Norway,Western Europe,7.537000179290769,1.6164631843566901,0.796666502952576,0.635422587394714,0.36201223731041,Europe,2017
Denmark,Western Europe,7.52199983596802,1.48238301277161,0.7925655245780941,0.626006722450256,0.3552804887294771,Europe,2017
Iceland,Western Europe,7.50400018692017,1.480633020401,0.8335521221160892,0.6271626353263849,0.47554022073745705,Europe,2017
Switzerland,Western Europe,7.49399995803833,1.5649795532226598,0.858131289482117,0.620070576667786,0.29054927825927696,Europe,2017
Finland,Western Europe,7.468999862670901,1.44357192516327,0.80915766954422,0.6179508566856379,0.24548277258873,Europe,2017
Netherlands,Western Europe,7.3769998550415,1.50394463539124,0.8106961250305179,0.5853844881057739,0.47048982977867104,Europe,2017
Canada,North America,7.31599998474121,1.47920441627502,0.83455765247345,0.611100912094116,0.435539722442627,America,2017
New Zealand,Australia and New Zealand,7.31400012969971,1.40570604801178,0.816759705543518,0.6140621304512021,0.500005125999451,Oceania ,2017
Sweden,Western Europe,7.28399991989136,1.49438726902008,0.830875158309937,0.612924098968506,0.38539925217628496,Europe,2017
Australia,Australia and New Zealand,7.28399991989136,1.4844149351120002,0.84388679265976,0.601607382297516,0.47769924998283403,Oceania ,2017
Israel,Middle East and Northern Africa,7.212999820709231,1.3753824234008798,0.83840399980545,0.40598860383033797,0.330082654953003,Africa,2017
Costa Rica,Latin America and Caribbean,7.0789999961853,1.10970628261566,0.7595092654228209,0.580131649971008,0.21461322903633104,America,2017
Austria,Western Europe,7.00600004196167,1.4870972633361799,0.8153284192085269,0.567766189575195,0.316472321748734,Europe,2017
United States,North America,6.993000030517581,1.54625928401947,0.7742866277694699,0.505740523338318,0.392578780651093,America,2017
Ireland,Western Europe,6.9770002365112305,1.5357066392898602,0.8097826242446899,0.5731103420257571,0.42785832285881,Europe,2017
Germany,Western Europe,6.9510002136230495,1.48792338371277,0.798950731754303,0.562511384487152,0.33626917004585305,Europe,2017
Belgium,Western Europe,6.89099979400635,1.4637807607650801,0.8180918693542479,0.5397707223892211,0.23150333762168898,Europe,2017
Luxembourg,Western Europe,6.86299991607666,1.74194359779358,0.845089495182037,0.59662789106369,0.283180981874466,Europe,2017
United Kingdom,Western Europe,6.71400022506714,1.44163393974304,0.805335938930511,0.508190035820007,0.492774158716202,Europe,2017
Chile,Latin America and Caribbean,6.65199995040894,1.25278460979462,0.8194797039031979,0.376895278692245,0.3266624212265011,America,2017
United Arab Emirates,Middle East and Northern Africa,6.6479997634887695,1.6263433694839498,0.726798236370087,0.60834527015686,0.3609419465065,Africa,2017
Brazil,Latin America and Caribbean,6.6350002288818395,1.1073532104492199,0.6165523529052729,0.437453746795654,0.16234989464282998,America,2017
Czech Republic,Central and Eastern Europe,6.60900020599365,1.35268235206604,0.754444003105164,0.49094617366790794,0.0881067588925362,Europe,2017
Argentina,Latin America and Caribbean,6.59899997711182,1.18529546260834,0.695137083530426,0.49451920390129106,0.109457060694695,America,2017
Mexico,Latin America and Caribbean,6.57800006866455,1.1531838178634601,0.709978997707367,0.412730008363724,0.12099043279886199,America,2017
Singapore,Southeastern Asia,6.57200002670288,1.69227766990662,0.9494923949241642,0.549840569496155,0.345965981483459,Asia,2017
Malta,Western Europe,6.52699995040894,1.34327983856201,0.821944236755371,0.588767051696777,0.5747305750846861,Europe,2017
Uruguay,Latin America and Caribbean,6.4539999961853,1.2175596952438401,0.719216823577881,0.5793922543525699,0.175096929073334,America,2017
Guatemala,Latin America and Caribbean,6.4539999961853,0.872001945972443,0.540239989757538,0.5313106179237371,0.283488392829895,America,2017
Panama,Latin America and Caribbean,6.4520001411438,1.23374843597412,0.706156134605408,0.550026834011078,0.21055693924427,America,2017
France,Western Europe,6.44199991226196,1.43092346191406,0.8444658517837521,0.470222115516663,0.129762306809425,Europe,2017
Thailand,Southeastern Asia,6.4239997863769505,1.12786877155304,0.647239029407501,0.580200731754303,0.572123110294342,Asia,2017
Taiwan,Eastern Asia,6.42199993133545,1.4336265325546298,0.793984234333038,0.361466586589813,0.258360475301743,Asia,2017
Spain,Western Europe,6.40299987792969,1.38439786434174,0.888960599899292,0.408781230449677,0.190133571624756,Europe,2017
Qatar,Middle East and Northern Africa,6.375,1.8707656860351598,0.7100980877876278,0.604130983352661,0.33047387003898604,Africa,2017
Colombia,Latin America and Caribbean,6.35699987411499,1.07062232494354,0.595027923583984,0.47748741507530196,0.14901447296142598,America,2017
Saudi Arabia,Middle East and Northern Africa,6.343999862670901,1.53062355518341,0.590148329734802,0.449750572443008,0.147616013884544,Africa,2017
Kuwait,Middle East and Northern Africa,6.10500001907349,1.63295245170593,0.6321057081222529,0.49633759260177596,0.228289797902107,Africa,2017
Slovakia,Central and Eastern Europe,6.09800004959106,1.32539355754852,0.712732911109924,0.295817464590073,0.136544480919838,Europe,2017
Bahrain,Middle East and Northern Africa,6.08699989318848,1.4884122610092199,0.653133034706116,0.536746919155121,0.17266848683357197,Africa,2017
Malaysia,Southeastern Asia,6.08400011062622,1.29121541976929,0.618784427642822,0.40226498246192893,0.416608929634094,Asia,2017
Nicaragua,Latin America and Caribbean,6.07100009918213,0.737299203872681,0.6530959606170649,0.447551846504211,0.301674216985703,America,2017
Ecuador,Latin America and Caribbean,6.00799989700317,1.00082039833069,0.685636222362518,0.4551981985569,0.15011246502399403,America,2017
El Salvador,Latin America and Caribbean,6.002999782562259,0.9097844958305359,0.596018552780151,0.432452529668808,0.0782579854130745,America,2017
Poland,Central and Eastern Europe,5.97300004959106,1.29178786277771,0.699475347995758,0.520342111587524,0.158465966582298,Europe,2017
Uzbekistan,Central and Eastern Europe,5.97100019454956,0.786441087722778,0.498272627592087,0.6582486629486078,0.41598364710807795,Europe,2017
Italy,Western Europe,5.96400022506714,1.3950666189193701,0.8531443476676941,0.256450712680817,0.17278964817523998,Europe,2017
Russia,Central and Eastern Europe,5.962999820709231,1.28177809715271,0.547349333763123,0.373783111572266,0.0522638224065304,Europe,2017
Japan,Eastern Asia,5.92000007629395,1.41691517829895,0.9134758710861209,0.505625545978546,0.12057276815175999,Asia,2017
Lithuania,Central and Eastern Europe,5.90199995040894,1.3145823478698702,0.62894994020462,0.234231784939766,0.010164656676352,Europe,2017
Algeria,Middle East and Northern Africa,5.872000217437741,1.09186446666718,0.6175846457481379,0.233335807919502,0.0694366469979286,Africa,2017
Latvia,Central and Eastern Europe,5.849999904632571,1.26074862480164,0.638566970825195,0.32570791244506797,0.153074786067009,Europe,2017
South Korea,Eastern Asia,5.837999820709231,1.40167844295502,0.900214076042175,0.257921665906906,0.206674367189407,Asia,2017
Moldova,Central and Eastern Europe,5.837999820709231,0.7288706302642819,0.5894652009010309,0.24072904884815197,0.20877912640571603,Europe,2017
Romania,Central and Eastern Europe,5.824999809265139,1.21768391132355,0.6851583123207089,0.457003742456436,0.133519917726517,Europe,2017
Bolivia,Latin America and Caribbean,5.82299995422363,0.833756566047668,0.47363024950027505,0.5587329268455511,0.22556072473526,America,2017
Turkmenistan,Central and Eastern Europe,5.82200002670288,1.1307767629623402,0.437726080417633,0.41827192902565,0.24992498755454998,Europe,2017
Kazakhstan,Central and Eastern Europe,5.8189997673034695,1.2845562696456898,0.6060415506362921,0.43745428323745705,0.20196442306041698,Europe,2017
Slovenia,Central and Eastern Europe,5.75799989700317,1.3412059545516999,0.7908282279968258,0.572575807571411,0.242649093270302,Europe,2017
Peru,Latin America and Caribbean,5.71500015258789,1.0352252721786501,0.6301661133766171,0.45000287890434293,0.126819714903831,America,2017
Mauritius,Sub-Saharan Africa,5.62900018692017,1.1893955469131499,0.6380074620246889,0.491247326135635,0.360933750867844,Africa,2017
Cyprus,Western Europe,5.62099981307983,1.3559380769729599,0.84471470117569,0.35511153936386103,0.271254301071167,Europe,2017
Estonia,Central and Eastern Europe,5.61100006103516,1.3208793401718102,0.695168316364288,0.479131430387497,0.0988908112049103,Europe,2017
Belarus,Central and Eastern Europe,5.5689997673034695,1.15655755996704,0.6377142667770389,0.295400261878967,0.15513750910759,Europe,2017
Libya,Middle East and Northern Africa,5.525000095367429,1.1018030643463101,0.520169019699097,0.465733230113983,0.15207366645336198,Africa,2017
Turkey,Middle East and Northern Africa,5.5,1.1982743740081798,0.6376056075096129,0.300740599632263,0.0466930419206619,Africa,2017
Paraguay,Latin America and Caribbean,5.493000030517581,0.932537317276001,0.579250693321228,0.473507791757584,0.224150657653809,America,2017
Hong Kong,Eastern Asia,5.47200012207031,1.55167484283447,0.943062424659729,0.490968644618988,0.374465793371201,Asia,2017
Philippines,Southeastern Asia,5.42999982833862,0.85769921541214,0.46800905466079706,0.585214674472809,0.193513423204422,Asia,2017
Serbia,Central and Eastern Europe,5.39499998092651,1.06931757926941,0.65078467130661,0.20871552824974102,0.22012588381767298,Europe,2017
Jordan,Middle East and Northern Africa,5.33599996566772,0.9910123944282528,0.6045900583267211,0.418421149253845,0.17217046022415197,Africa,2017
Hungary,Central and Eastern Europe,5.32399988174438,1.2860119342803997,0.6877634525299069,0.17586351931095098,0.0784016624093056,Europe,2017
Jamaica,Latin America and Caribbean,5.31099987030029,0.925579309463501,0.6410223841667181,0.474307239055634,0.23381833732128102,America,2017
Croatia,Central and Eastern Europe,5.2930002212524405,1.22255623340607,0.701288521289825,0.255772292613983,0.248002976179123,Europe,2017
Kosovo,Central and Eastern Europe,5.27899980545044,0.951484382152557,0.541452050209045,0.260287940502167,0.319931447505951,Europe,2017
China,Eastern Asia,5.2729997634887695,1.08116579055786,0.741415500640869,0.47278770804405196,0.0288068410009146,Asia,2017
Pakistan,Southern Asia,5.26900005340576,0.7268835306167599,0.40204778313636796,0.23521526157856,0.31544601917266807,Asia,2017
Indonesia,Southeastern Asia,5.26200008392334,0.995538592338562,0.49234572052955605,0.443323463201523,0.611704587936401,Asia,2017
Venezuela,Latin America and Caribbean,5.25,1.12843120098114,0.617144227027893,0.15399712324142498,0.0650196298956871,America,2017
Montenegro,Central and Eastern Europe,5.23699998855591,1.12112903594971,0.6674646735191351,0.194989055395126,0.197911024093628,Europe,2017
Morocco,Middle East and Northern Africa,5.2350001335144,0.8781145811080929,0.59771066904068,0.408158332109451,0.0322099551558495,Africa,2017
Azerbaijan,Central and Eastern Europe,5.234000205993651,1.1536017656326298,0.5407757759094239,0.39815583825111406,0.0452693402767181,Europe,2017
Dominican Republic,Latin America and Caribbean,5.230000019073491,1.07937383651733,0.574873745441437,0.55258983373642,0.186967849731445,America,2017
Greece,Western Europe,5.2270002365112305,1.28948748111725,0.8101989030838009,0.0957312509417534,0.0,Europe,2017
Lebanon,Middle East and Northern Africa,5.22499990463257,1.07498753070831,0.7350810766220089,0.28851598501205394,0.26445075869560203,Africa,2017
Portugal,Western Europe,5.19500017166138,1.3151752948761002,0.795843541622162,0.498465299606323,0.0951027125120163,Europe,2017
Bosnia and Herzegovina,Central and Eastern Europe,5.18200016021729,0.982409417629242,0.705186307430267,0.204403176903725,0.328867495059967,Europe,2017
Honduras,Latin America and Caribbean,5.1810002326965305,0.730573117733002,0.582569479942322,0.348079860210419,0.23618887364864302,America,2017
Vietnam,Southeastern Asia,5.07399988174438,0.7885475754737851,0.6521689891815191,0.571055591106415,0.23496805131435397,Asia,2017
Nigeria,Sub-Saharan Africa,5.07399988174438,0.783756256103516,0.0569157302379608,0.394952565431595,0.23094719648361198,Africa,2017
Tajikistan,Central and Eastern Europe,5.04099988937378,0.524713635444641,0.5292351245880129,0.47156670689582797,0.24899764358997303,Europe,2017
Bhutan,Southern Asia,5.01100015640259,0.885416388511658,0.495879292488098,0.5015376806259161,0.474054545164108,Asia,2017
Kyrgyzstan,Central and Eastern Europe,5.0040001869201705,0.5962200760841371,0.553457796573639,0.454943388700485,0.42858037352562,Europe,2017
Nepal,Southern Asia,4.961999893188481,0.479820191860199,0.504130780696869,0.44030594825744607,0.39409616589546204,Asia,2017
Mongolia,Eastern Asia,4.95499992370605,1.0272358655929599,0.557783484458923,0.39414396882057207,0.338464230298996,Asia,2017
South Africa,Sub-Saharan Africa,4.8289999961853,1.05469870567322,0.18708007037639604,0.479246735572815,0.13936237990856198,Africa,2017
Tunisia,Middle East and Northern Africa,4.80499982833862,1.00726580619812,0.613212049007416,0.289680689573288,0.0496933571994305,Africa,2017
Palestinian Territories,Middle East and Northern Africa,4.77500009536743,0.716249227523804,0.565666973590851,0.25471106171608,0.114173173904419,Africa,2017
Egypt,Middle East and Northern Africa,4.7350001335144,0.989701807498932,0.520187258720398,0.28211015462875394,0.128631442785263,Africa,2017
Bulgaria,Central and Eastern Europe,4.71400022506714,1.1614590883255,0.708217680454254,0.28923171758651695,0.113177694380283,Europe,2017
Sierra Leone,Sub-Saharan Africa,4.70900011062622,0.36842092871666,0.005564753897488121,0.318697690963745,0.293040901422501,Africa,2017
Cameroon,Sub-Saharan Africa,4.69500017166138,0.564305365085602,0.132892116904259,0.430388748645782,0.23629845678806302,Africa,2017
Iran,Middle East and Northern Africa,4.69199991226196,1.15687310695648,0.639333188533783,0.24932260811328896,0.387242913246155,Africa,2017
Albania,Central and Eastern Europe,4.64400005340576,0.996192753314972,0.731159746646881,0.381498634815216,0.20131294429302202,Europe,2017
Bangladesh,Southern Asia,4.60799980163574,0.586682975292206,0.533241033554077,0.478356659412384,0.17225535213947304,Asia,2017
Kenya,Sub-Saharan Africa,4.55299997329712,0.560479462146759,0.30998834967613204,0.45276376605033897,0.444860309362411,Africa,2017
Myanmar,Southeastern Asia,4.54500007629395,0.36711055040359497,0.397522568702698,0.514492034912109,0.8380751609802249,Asia,2017
Senegal,Sub-Saharan Africa,4.53499984741211,0.479309022426605,0.409362852573395,0.37792226672172496,0.183468893170357,Africa,2017
Zambia,Sub-Saharan Africa,4.513999938964839,0.6364067792892459,0.25783589482307395,0.461603492498398,0.249580144882202,Africa,2017
Iraq,Middle East and Northern Africa,4.49700021743774,1.1027104854583702,0.501180469989777,0.288555532693863,0.19963726401329,Africa,2017
Gabon,Sub-Saharan Africa,4.46500015258789,1.1982102394104,0.35657858848571794,0.31232857704162603,0.0437853783369064,Africa,2017
Ethiopia,Sub-Saharan Africa,4.46000003814697,0.339233845472336,0.35340970754623396,0.408842742443085,0.31265074014663696,Africa,2017
Sri Lanka,Southern Asia,4.44000005722046,1.00985014438629,0.625130832195282,0.561213254928589,0.49086356163024897,Asia,2017
Armenia,Central and Eastern Europe,4.37599992752075,0.900596737861633,0.637524425983429,0.198303267359734,0.0834880918264389,Europe,2017
India,Southern Asia,4.31500005722046,0.7922212481498722,0.455427616834641,0.469987004995346,0.23153848946094502,Asia,2017
Mauritania,Sub-Saharan Africa,4.29199981689453,0.6484572887420649,0.285349279642105,0.0960980430245399,0.201870024204254,Africa,2017
Congo (Brazzaville),Sub-Saharan Africa,4.29099988937378,0.8089642524719242,0.28995743393898,0.4350258708000179,0.12085212767124198,Africa,2017
Georgia,Central and Eastern Europe,4.28599977493286,0.950612664222717,0.649546980857849,0.309410035610199,0.0540088154375553,Europe,2017
Congo (Kinshasa),Sub-Saharan Africa,4.2800002098083505,0.0921023488044739,0.191407024860382,0.235961347818375,0.246455833315849,Africa,2017
Mali,Sub-Saharan Africa,4.19000005722046,0.476180493831635,0.16936567425727803,0.306613743305206,0.183354198932648,Africa,2017
Ivory Coast,Sub-Saharan Africa,4.17999982833862,0.6030489206314089,0.0486421696841717,0.4477061927318571,0.201237469911575,Africa,2017
Cambodia,Southeastern Asia,4.1680002212524405,0.6017650961875921,0.429783403873444,0.633375823497772,0.385922968387604,Asia,2017
Ghana,Sub-Saharan Africa,4.11999988555908,0.667224824428558,0.29563772678375205,0.423026293516159,0.25692394375801103,Africa,2017
Ukraine,Central and Eastern Europe,4.09600019454956,0.89465194940567,0.575903952121735,0.12297477573156401,0.270061463117599,Europe,2017
Uganda,Sub-Saharan Africa,4.08099985122681,0.381430715322495,0.21763260662555703,0.443185955286026,0.32576605677604703,Africa,2017
Burkina Faso,Sub-Saharan Africa,4.03200006484985,0.35022771358490007,0.21584425866603896,0.32436785101890603,0.250864684581757,Africa,2017
Niger,Sub-Saharan Africa,4.02799987792969,0.16192533075809498,0.26850500702858,0.36365869641304,0.22867384552955602,Africa,2017
Malawi,Sub-Saharan Africa,3.97000002861023,0.233442038297653,0.315089583396912,0.466914653778076,0.28717046976089505,Africa,2017
Chad,Sub-Saharan Africa,3.9360001087188703,0.43801298737525896,0.0411347150802612,0.16234202682972002,0.21611385047435802,Africa,2017
Zimbabwe,Sub-Saharan Africa,3.875,0.37584653496742204,0.19676375389099102,0.336384207010269,0.189143493771553,Africa,2017
Afghanistan,Southern Asia,3.7939999103546103,0.401477217674255,0.18074677884578697,0.106179520487785,0.311870932579041,Asia,2017
Botswana,Sub-Saharan Africa,3.7660000324249303,1.12209415435791,0.34175550937652605,0.505196332931519,0.0993484482169151,Africa,2017
Benin,Sub-Saharan Africa,3.65700006484985,0.43108540773391707,0.20993021130561804,0.42596277594566295,0.207948461174965,Africa,2017
Madagascar,Sub-Saharan Africa,3.64400005340576,0.305808693170547,0.375223308801651,0.18919676542282102,0.208732530474663,Africa,2017
Haiti,Latin America and Caribbean,3.6029999256133998,0.368610262870789,0.277321130037308,0.0303698573261499,0.48920378088951094,America,2017
Yemen,Middle East and Northern Africa,3.59299993515015,0.5916834473609921,0.310080915689468,0.24946372210979503,0.104125209152699,Africa,2017
Liberia,Sub-Saharan Africa,3.5329999923706095,0.11904179304838199,0.229918196797371,0.33288118243217496,0.26654988527298,Africa,2017
Guinea,Sub-Saharan Africa,3.50699996948242,0.24454993009567302,0.194129139184952,0.348587512969971,0.264815092086792,Africa,2017
Togo,Sub-Saharan Africa,3.4949998855590803,0.30544471740722695,0.247105568647385,0.38042613863945,0.19689615070819896,Africa,2017
Rwanda,Sub-Saharan Africa,3.47099995613098,0.368745893239975,0.326424807310104,0.5818438529968261,0.25275602936744695,Africa,2017
Syria,Middle East and Northern Africa,3.46199989318848,0.777153134346008,0.5005333423614501,0.0815394446253777,0.49366372823715204,Africa,2017
Tanzania,Sub-Saharan Africa,3.34899997711182,0.511135876178741,0.364509284496307,0.390017777681351,0.354256361722946,Africa,2017
Burundi,Sub-Saharan Africa,2.90499997138977,0.09162256866693501,0.151610791683197,0.0599007532000542,0.20443518459796897,Africa,2017
Finland,Western Europe,7.632000000000001,1.305,0.8740000000000001,0.6809999999999999,0.20199999999999999,Europe,2018
Norway,Western Europe,7.593999999999999,1.456,0.861,0.6859999999999999,0.28600000000000003,Europe,2018
Denmark,Western Europe,7.555,1.351,0.868,0.6829999999999999,0.284,Europe,2018
Iceland,Western Europe,7.495,1.3430000000000002,0.914,0.677,0.353,Europe,2018
Switzerland,Western Europe,7.487,1.42,0.927,0.66,0.256,Europe,2018
Netherlands,Western Europe,7.441,1.361,0.878,0.638,0.33299999999999996,Europe,2018
Canada,North America,7.327999999999999,1.33,0.8959999999999999,0.653,0.321,America,2018
New Zealand,Australia and New Zealand,7.324,1.268,0.8759999999999999,0.669,0.365,Oceania ,2018
Sweden,Western Europe,7.314,1.355,0.9129999999999999,0.659,0.285,Europe,2018
Australia,Australia and New Zealand,7.272,1.34,0.91,0.647,0.361,Oceania ,2018
United Kingdom,Western Europe,7.19,1.244,0.888,0.46399999999999997,0.262,Europe,2018
Austria,Western Europe,7.138999999999999,1.341,0.8909999999999999,0.617,0.242,Europe,2018
Costa Rica,Latin America and Caribbean,7.072,1.01,0.8170000000000001,0.632,0.14300000000000002,America,2018
Ireland,Western Europe,6.977,1.4480000000000002,0.8759999999999999,0.614,0.307,Europe,2018
Germany,Western Europe,6.965,1.34,0.861,0.586,0.273,Europe,2018
Belgium,Western Europe,6.9270000000000005,1.324,0.894,0.583,0.188,Europe,2018
Luxembourg,Western Europe,6.91,1.5759999999999998,0.8959999999999999,0.632,0.196,Europe,2018
United States,North America,6.886,1.3980000000000001,0.8190000000000001,0.547,0.29100000000000004,America,2018
Israel,Middle East and Northern Africa,6.814,1.301,0.883,0.5329999999999999,0.354,Africa,2018
United Arab Emirates,Middle East and Northern Africa,6.774,2.096,0.67,0.284,0.18600000000000003,Africa,2018
Czech Republic,Central and Eastern Europe,6.711,1.2329999999999999,0.8540000000000001,0.5429999999999999,0.064,Europe,2018
Malta,Western Europe,6.627000000000001,1.27,0.884,0.645,0.376,Europe,2018
France,Western Europe,6.489,1.2930000000000001,0.9079999999999999,0.52,0.098,Europe,2018
Mexico,Latin America and Caribbean,6.4879999999999995,1.038,0.7609999999999999,0.479,0.069,America,2018
Chile,Latin America and Caribbean,6.476,1.131,0.8079999999999999,0.431,0.19699999999999998,America,2018
Taiwan,Eastern Asia,6.441,1.365,0.857,0.418,0.151,Asia,2018
Panama,Latin America and Caribbean,6.43,1.112,0.759,0.597,0.125,America,2018
Brazil,Latin America and Caribbean,6.419,0.986,0.675,0.493,0.11,America,2018
Argentina,Latin America and Caribbean,6.388,1.073,0.7440000000000001,0.57,0.062,America,2018
Guatemala,Latin America and Caribbean,6.382000000000001,0.7809999999999999,0.608,0.604,0.179,America,2018
Uruguay,Latin America and Caribbean,6.379,1.093,0.7709999999999999,0.625,0.13,America,2018
Qatar,Middle East and Northern Africa,6.374,1.649,0.748,0.654,0.256,Africa,2018
Saudi Arabia,Middle East and Northern Africa,6.371,1.379,0.633,0.509,0.098,Africa,2018
Singapore,Southeastern Asia,6.343,1.5290000000000001,1.008,0.631,0.261,Asia,2018
Malaysia,Southeastern Asia,6.322,1.161,0.669,0.35600000000000004,0.311,Asia,2018
Spain,Western Europe,6.31,1.251,0.965,0.449,0.142,Europe,2018
Colombia,Latin America and Caribbean,6.26,0.96,0.635,0.531,0.099,America,2018
Slovakia,Central and Eastern Europe,6.172999999999999,1.21,0.7759999999999999,0.354,0.11800000000000001,Europe,2018
El Salvador,Latin America and Caribbean,6.167000000000001,0.8059999999999999,0.639,0.461,0.065,America,2018
Nicaragua,Latin America and Caribbean,6.141,0.6679999999999999,0.7,0.527,0.20800000000000002,America,2018
Poland,Central and Eastern Europe,6.122999999999999,1.176,0.7809999999999999,0.546,0.10800000000000001,Europe,2018
Bahrain,Middle East and Northern Africa,6.105,1.338,0.698,0.594,0.243,Africa,2018
Uzbekistan,Central and Eastern Europe,6.096,0.7190000000000001,0.605,0.7240000000000001,0.32799999999999996,Europe,2018
Kuwait,Middle East and Northern Africa,6.082999999999999,1.474,0.675,0.5539999999999999,0.16699999999999998,Africa,2018
Thailand,Southeastern Asia,6.072,1.016,0.7070000000000001,0.637,0.364,Asia,2018
Italy,Western Europe,6.0,1.264,0.946,0.281,0.13699999999999998,Europe,2018
Ecuador,Latin America and Caribbean,5.973,0.889,0.736,0.556,0.114,America,2018
Lithuania,Central and Eastern Europe,5.952000000000001,1.197,0.716,0.35,0.026000000000000002,Europe,2018
Slovenia,Central and Eastern Europe,5.9479999999999995,1.219,0.856,0.633,0.16,Europe,2018
Romania,Central and Eastern Europe,5.945,1.1159999999999999,0.726,0.528,0.08800000000000001,Europe,2018
Latvia,Central and Eastern Europe,5.933,1.148,0.6709999999999999,0.363,0.092,Europe,2018
Japan,Eastern Asia,5.915,1.294,0.988,0.5529999999999999,0.079,Asia,2018
Mauritius,Sub-Saharan Africa,5.891,1.09,0.684,0.584,0.245,Africa,2018
Jamaica,Latin America and Caribbean,5.89,0.8190000000000001,0.693,0.575,0.096,America,2018
South Korea,Eastern Asia,5.875,1.266,0.955,0.244,0.175,Asia,2018
Russia,Central and Eastern Europe,5.81,1.151,0.599,0.39899999999999997,0.065,Europe,2018
Kazakhstan,Central and Eastern Europe,5.79,1.143,0.631,0.45399999999999996,0.14800000000000002,Europe,2018
Cyprus,Western Europe,5.7620000000000005,1.229,0.909,0.423,0.20199999999999999,Europe,2018
Bolivia,Latin America and Caribbean,5.752000000000001,0.7509999999999999,0.508,0.606,0.141,America,2018
Estonia,Central and Eastern Europe,5.739,1.2,0.737,0.5529999999999999,0.086,Europe,2018
Paraguay,Latin America and Caribbean,5.681,0.835,0.615,0.541,0.162,America,2018
Peru,Latin America and Caribbean,5.662999999999999,0.934,0.674,0.53,0.092,America,2018
Kosovo,Central and Eastern Europe,5.662000000000001,0.855,0.578,0.44799999999999995,0.27399999999999997,Europe,2018
Moldova,Central and Eastern Europe,5.64,0.657,0.62,0.23199999999999998,0.171,Europe,2018
Turkmenistan,Central and Eastern Europe,5.636,1.016,0.517,0.41700000000000004,0.19899999999999998,Europe,2018
Hungary,Central and Eastern Europe,5.62,1.171,0.732,0.259,0.061,Europe,2018
Libya,Middle East and Northern Africa,5.566,0.985,0.5529999999999999,0.496,0.11599999999999999,Africa,2018
Philippines,Southeastern Asia,5.524,0.775,0.513,0.643,0.12,Asia,2018
Honduras,Latin America and Caribbean,5.504,0.62,0.622,0.45899999999999996,0.19699999999999998,America,2018
Belarus,Central and Eastern Europe,5.483,1.0390000000000001,0.7,0.307,0.10099999999999999,Europe,2018
Turkey,Middle East and Northern Africa,5.483,1.148,0.6859999999999999,0.324,0.106,Africa,2018
Pakistan,Southern Asia,5.472,0.652,0.424,0.33399999999999996,0.21600000000000003,Asia,2018
Hong Kong,Eastern Asia,5.43,1.405,1.03,0.524,0.24600000000000002,Asia,2018
Portugal,Western Europe,5.41,1.188,0.884,0.562,0.055,Europe,2018
Serbia,Central and Eastern Europe,5.398,0.975,0.685,0.28800000000000003,0.134,Europe,2018
Greece,Western Europe,5.358,1.1540000000000001,0.879,0.131,0.0,Europe,2018
Lebanon,Middle East and Northern Africa,5.358,0.965,0.785,0.503,0.214,Africa,2018
Montenegro,Central and Eastern Europe,5.347,1.0170000000000001,0.7290000000000001,0.259,0.111,Europe,2018
Croatia,Central and Eastern Europe,5.321000000000001,1.115,0.737,0.38,0.12,Europe,2018
Dominican Republic,Latin America and Caribbean,5.3020000000000005,0.982,0.614,0.578,0.12,America,2018
Algeria,Middle East and Northern Africa,5.295,0.9790000000000001,0.687,0.077,0.055,Africa,2018
Morocco,Middle East and Northern Africa,5.254,0.779,0.669,0.46,0.026000000000000002,Africa,2018
China,Eastern Asia,5.246,0.9890000000000001,0.799,0.597,0.028999999999999998,Asia,2018
Azerbaijan,Central and Eastern Europe,5.2010000000000005,1.024,0.603,0.43,0.031,Europe,2018
Tajikistan,Central and Eastern Europe,5.199,0.474,0.598,0.292,0.187,Europe,2018
Jordan,Middle East and Northern Africa,5.1610000000000005,0.8220000000000001,0.645,0.46799999999999997,0.13,Africa,2018
Nigeria,Sub-Saharan Africa,5.155,0.6890000000000001,0.048,0.462,0.201,Africa,2018
Kyrgyzstan,Central and Eastern Europe,5.131,0.53,0.594,0.54,0.281,Europe,2018
Bosnia and Herzegovina,Central and Eastern Europe,5.129,0.915,0.758,0.28,0.21600000000000003,Europe,2018
Mongolia,Eastern Asia,5.125,0.914,0.575,0.395,0.253,Asia,2018
Vietnam,Southeastern Asia,5.103,0.715,0.7020000000000001,0.618,0.177,Asia,2018
Indonesia,Southeastern Asia,5.093,0.899,0.522,0.5379999999999999,0.484,Asia,2018
Bhutan,Southern Asia,5.082,0.7959999999999999,0.527,0.541,0.364,Asia,2018
Cameroon,Sub-Saharan Africa,4.975,0.535,0.182,0.45399999999999996,0.183,Africa,2018
Bulgaria,Central and Eastern Europe,4.933,1.054,0.7120000000000001,0.359,0.064,Europe,2018
Nepal,Southern Asia,4.88,0.425,0.539,0.526,0.302,Asia,2018
Venezuela,Latin America and Caribbean,4.806,0.996,0.657,0.133,0.055999999999999994,America,2018
Gabon,Sub-Saharan Africa,4.758,1.036,0.40399999999999997,0.35600000000000004,0.032,Africa,2018
Palestinian Territories,Middle East and Northern Africa,4.743,0.642,0.602,0.266,0.086,Africa,2018
South Africa,Sub-Saharan Africa,4.724,0.94,0.33,0.516,0.10300000000000001,Africa,2018
Iran,Middle East and Northern Africa,4.707,1.0590000000000002,0.691,0.45899999999999996,0.282,Africa,2018
Ivory Coast,Sub-Saharan Africa,4.671,0.541,0.08,0.467,0.146,Africa,2018
Ghana,Sub-Saharan Africa,4.657,0.5920000000000001,0.337,0.499,0.212,Africa,2018
Senegal,Sub-Saharan Africa,4.631,0.429,0.433,0.406,0.138,Africa,2018
Tunisia,Middle East and Northern Africa,4.592,0.9,0.69,0.271,0.04,Africa,2018
Albania,Central and Eastern Europe,4.586,0.9159999999999999,0.79,0.419,0.149,Europe,2018
Sierra Leone,Sub-Saharan Africa,4.571000000000001,0.256,0.0,0.355,0.23800000000000002,Africa,2018
Congo (Brazzaville),Sub-Saharan Africa,4.559,0.682,0.34299999999999997,0.514,0.091,Africa,2018
Bangladesh,Southern Asia,4.5,0.532,0.579,0.58,0.153,Asia,2018
Sri Lanka,Southern Asia,4.471,0.9179999999999999,0.672,0.585,0.307,Asia,2018
Iraq,Middle East and Northern Africa,4.456,1.01,0.536,0.304,0.14800000000000002,Africa,2018
Mali,Sub-Saharan Africa,4.447,0.37,0.152,0.36700000000000005,0.139,Africa,2018
Cambodia,Southeastern Asia,4.433,0.5489999999999999,0.457,0.696,0.256,Asia,2018
Burkina Faso,Sub-Saharan Africa,4.4239999999999995,0.314,0.254,0.312,0.175,Africa,2018
Egypt,Middle East and Northern Africa,4.419,0.885,0.5529999999999999,0.312,0.092,Africa,2018
Kenya,Sub-Saharan Africa,4.41,0.493,0.45399999999999996,0.504,0.35200000000000004,Africa,2018
Zambia,Sub-Saharan Africa,4.377,0.562,0.295,0.503,0.221,Africa,2018
Mauritania,Sub-Saharan Africa,4.356,0.557,0.292,0.129,0.134,Africa,2018
Ethiopia,Sub-Saharan Africa,4.35,0.308,0.391,0.452,0.22,Africa,2018
Georgia,Central and Eastern Europe,4.34,0.853,0.643,0.375,0.038,Europe,2018
Armenia,Central and Eastern Europe,4.321000000000001,0.816,0.6659999999999999,0.26,0.077,Europe,2018
Myanmar,Southeastern Asia,4.308,0.682,0.429,0.58,0.598,Asia,2018
Chad,Sub-Saharan Africa,4.301,0.358,0.053,0.18899999999999997,0.18100000000000002,Africa,2018
Congo (Kinshasa),Sub-Saharan Africa,4.245,0.069,0.204,0.312,0.19699999999999998,Africa,2018
India,Southern Asia,4.19,0.721,0.485,0.539,0.172,Asia,2018
Niger,Sub-Saharan Africa,4.166,0.131,0.221,0.39,0.175,Africa,2018
Uganda,Sub-Saharan Africa,4.1610000000000005,0.322,0.237,0.45,0.259,Africa,2018
Benin,Sub-Saharan Africa,4.141,0.37799999999999995,0.24,0.44,0.163,Africa,2018
Ukraine,Central and Eastern Europe,4.103,0.7929999999999999,0.609,0.163,0.187,Europe,2018
Togo,Sub-Saharan Africa,3.9989999999999997,0.259,0.253,0.434,0.158,Africa,2018
Guinea,Sub-Saharan Africa,3.964,0.344,0.21100000000000002,0.39399999999999996,0.185,Africa,2018
Madagascar,Sub-Saharan Africa,3.7739999999999996,0.262,0.402,0.221,0.155,Africa,2018
Zimbabwe,Sub-Saharan Africa,3.6919999999999997,0.35700000000000004,0.248,0.406,0.132,Africa,2018
Afghanistan,Southern Asia,3.6319999999999997,0.332,0.255,0.085,0.191,Asia,2018
Botswana,Sub-Saharan Africa,3.59,1.0170000000000001,0.41700000000000004,0.557,0.042,Africa,2018
Malawi,Sub-Saharan Africa,3.5869999999999997,0.18600000000000003,0.306,0.531,0.21,Africa,2018
Haiti,Latin America and Caribbean,3.582,0.315,0.289,0.025,0.392,America,2018
Liberia,Sub-Saharan Africa,3.495,0.076,0.267,0.419,0.20600000000000002,Africa,2018
Syria,Middle East and Northern Africa,3.4619999999999997,0.6890000000000001,0.539,0.08800000000000001,0.376,Africa,2018
Rwanda,Sub-Saharan Africa,3.408,0.332,0.4,0.636,0.2,Africa,2018
Yemen,Middle East and Northern Africa,3.355,0.442,0.34299999999999997,0.244,0.083,Africa,2018
Tanzania,Sub-Saharan Africa,3.303,0.455,0.381,0.48100000000000004,0.27,Africa,2018
Burundi,Sub-Saharan Africa,2.905,0.091,0.145,0.065,0.149,Africa,2018
Finland,Western Europe,7.769,1.34,0.986,0.596,0.153,Europe,2019
Denmark,Western Europe,7.6,1.383,0.996,0.5920000000000001,0.252,Europe,2019
Norway,Western Europe,7.553999999999999,1.4880000000000002,1.028,0.603,0.271,Europe,2019
Iceland,Western Europe,7.494,1.38,1.026,0.591,0.354,Europe,2019
Netherlands,Western Europe,7.4879999999999995,1.396,0.9990000000000001,0.557,0.322,Europe,2019
Switzerland,Western Europe,7.48,1.452,1.052,0.5720000000000001,0.263,Europe,2019
Sweden,Western Europe,7.343,1.3869999999999998,1.0090000000000001,0.574,0.267,Europe,2019
New Zealand,Australia and New Zealand,7.307,1.3030000000000002,1.026,0.585,0.33,Oceania ,2019
Canada,North America,7.278,1.365,1.0390000000000001,0.584,0.285,America,2019
Austria,Western Europe,7.246,1.376,1.016,0.532,0.244,Europe,2019
Australia,Australia and New Zealand,7.228,1.3719999999999999,1.036,0.557,0.332,Oceania ,2019
Costa Rica,Latin America and Caribbean,7.167000000000001,1.034,0.963,0.5579999999999999,0.14400000000000002,America,2019
Israel,Middle East and Northern Africa,7.138999999999999,1.276,1.0290000000000001,0.371,0.261,Africa,2019
Luxembourg,Western Europe,7.09,1.609,1.012,0.526,0.19399999999999998,Europe,2019
United Kingdom,Western Europe,7.053999999999999,1.3330000000000002,0.996,0.45,0.348,Europe,2019
Ireland,Western Europe,7.021,1.499,0.9990000000000001,0.516,0.298,Europe,2019
Germany,Western Europe,6.985,1.3730000000000002,0.987,0.495,0.261,Europe,2019
Belgium,Western Europe,6.922999999999999,1.3559999999999999,0.986,0.473,0.16,Europe,2019
United States,North America,6.892,1.433,0.8740000000000001,0.45399999999999996,0.28,America,2019
Czech Republic,Central and Eastern Europe,6.852,1.2690000000000001,0.92,0.457,0.046,Europe,2019
United Arab Emirates,Middle East and Northern Africa,6.825,1.5030000000000001,0.825,0.598,0.262,Africa,2019
Malta,Western Europe,6.726,1.3,0.9990000000000001,0.564,0.375,Europe,2019
Mexico,Latin America and Caribbean,6.595,1.07,0.861,0.433,0.07400000000000001,America,2019
France,Western Europe,6.5920000000000005,1.324,1.045,0.436,0.111,Europe,2019
Taiwan,Eastern Asia,6.446000000000001,1.368,0.914,0.35100000000000003,0.242,Asia,2019
Chile,Latin America and Caribbean,6.444,1.159,0.92,0.35700000000000004,0.187,America,2019
Guatemala,Latin America and Caribbean,6.436,0.8,0.746,0.535,0.175,America,2019
Saudi Arabia,Middle East and Northern Africa,6.375,1.403,0.795,0.439,0.08,Africa,2019
Qatar,Middle East and Northern Africa,6.374,1.6840000000000002,0.871,0.555,0.22,Africa,2019
Spain,Western Europe,6.354,1.286,1.062,0.36200000000000004,0.153,Europe,2019
Panama,Latin America and Caribbean,6.321000000000001,1.149,0.91,0.516,0.109,America,2019
Brazil,Latin America and Caribbean,6.3,1.004,0.802,0.39,0.099,America,2019
Uruguay,Latin America and Caribbean,6.292999999999999,1.124,0.8909999999999999,0.523,0.127,America,2019
Singapore,Southeastern Asia,6.2620000000000005,1.5719999999999998,1.141,0.556,0.271,Asia,2019
El Salvador,Latin America and Caribbean,6.252999999999999,0.794,0.789,0.43,0.09300000000000001,America,2019
Italy,Western Europe,6.223,1.294,1.0390000000000001,0.231,0.158,Europe,2019
Bahrain,Middle East and Northern Africa,6.199,1.3619999999999999,0.871,0.536,0.255,Africa,2019
Slovakia,Central and Eastern Europe,6.1979999999999995,1.246,0.8809999999999999,0.33399999999999996,0.121,Europe,2019
Poland,Central and Eastern Europe,6.182,1.206,0.884,0.483,0.11699999999999999,Europe,2019
Uzbekistan,Central and Eastern Europe,6.1739999999999995,0.745,0.7559999999999999,0.631,0.322,Europe,2019
Lithuania,Central and Eastern Europe,6.149,1.238,0.818,0.29100000000000004,0.043,Europe,2019
Colombia,Latin America and Caribbean,6.125,0.985,0.841,0.47,0.099,America,2019
Slovenia,Central and Eastern Europe,6.117999999999999,1.258,0.953,0.564,0.14400000000000002,Europe,2019
Nicaragua,Latin America and Caribbean,6.105,0.6940000000000001,0.835,0.435,0.2,America,2019
Kosovo,Central and Eastern Europe,6.1,0.882,0.758,0.489,0.262,Europe,2019
Argentina,Latin America and Caribbean,6.086,1.092,0.8809999999999999,0.47100000000000003,0.066,America,2019
Romania,Central and Eastern Europe,6.07,1.162,0.825,0.462,0.083,Europe,2019
Cyprus,Western Europe,6.046,1.263,1.042,0.406,0.19,Europe,2019
Ecuador,Latin America and Caribbean,6.028,0.912,0.868,0.498,0.126,America,2019
Kuwait,Middle East and Northern Africa,6.021,1.5,0.8079999999999999,0.493,0.142,Africa,2019
Thailand,Southeastern Asia,6.007999999999999,1.05,0.828,0.557,0.359,Asia,2019
Latvia,Central and Eastern Europe,5.94,1.187,0.812,0.264,0.075,Europe,2019
South Korea,Eastern Asia,5.895,1.301,1.036,0.159,0.175,Asia,2019
Estonia,Central and Eastern Europe,5.893,1.237,0.8740000000000001,0.495,0.10300000000000001,Europe,2019
Jamaica,Latin America and Caribbean,5.89,0.831,0.831,0.49,0.107,America,2019
Mauritius,Sub-Saharan Africa,5.888,1.12,0.7979999999999999,0.498,0.215,Africa,2019
Japan,Eastern Asia,5.886,1.327,1.088,0.445,0.069,Asia,2019
Honduras,Latin America and Caribbean,5.86,0.642,0.828,0.507,0.24600000000000002,America,2019
Kazakhstan,Central and Eastern Europe,5.809,1.173,0.7290000000000001,0.41,0.146,Europe,2019
Bolivia,Latin America and Caribbean,5.779,0.7759999999999999,0.706,0.511,0.13699999999999998,America,2019
Hungary,Central and Eastern Europe,5.757999999999999,1.2009999999999998,0.828,0.19899999999999998,0.081,Europe,2019
Paraguay,Latin America and Caribbean,5.742999999999999,0.855,0.777,0.514,0.184,America,2019
Peru,Latin America and Caribbean,5.697,0.96,0.8540000000000001,0.455,0.083,America,2019
Portugal,Western Europe,5.693,1.2209999999999999,0.9990000000000001,0.508,0.047,Europe,2019
Pakistan,Southern Asia,5.653,0.677,0.535,0.313,0.22,Asia,2019
Russia,Central and Eastern Europe,5.648,1.183,0.726,0.33399999999999996,0.08199999999999999,Europe,2019
Philippines,Southeastern Asia,5.631,0.807,0.657,0.5579999999999999,0.11699999999999999,Asia,2019
Serbia,Central and Eastern Europe,5.603,1.004,0.8540000000000001,0.282,0.13699999999999998,Europe,2019
Moldova,Central and Eastern Europe,5.529,0.685,0.7390000000000001,0.245,0.18100000000000002,Europe,2019
Libya,Middle East and Northern Africa,5.525,1.044,0.6729999999999999,0.41600000000000004,0.133,Africa,2019
Montenegro,Central and Eastern Europe,5.523,1.051,0.871,0.19699999999999998,0.142,Europe,2019
Tajikistan,Central and Eastern Europe,5.4670000000000005,0.493,0.718,0.389,0.23,Europe,2019
Croatia,Central and Eastern Europe,5.432,1.155,0.914,0.29600000000000004,0.11900000000000001,Europe,2019
Hong Kong,Eastern Asia,5.43,1.4380000000000002,1.122,0.44,0.258,Asia,2019
Dominican Republic,Latin America and Caribbean,5.425,1.015,0.779,0.49700000000000005,0.113,America,2019
Bosnia and Herzegovina,Central and Eastern Europe,5.386,0.945,0.845,0.212,0.263,Europe,2019
Turkey,Middle East and Northern Africa,5.372999999999999,1.183,0.8079999999999999,0.195,0.083,Africa,2019
Malaysia,Southeastern Asia,5.3389999999999995,1.2209999999999999,0.828,0.508,0.26,Asia,2019
Belarus,Central and Eastern Europe,5.3229999999999995,1.067,0.789,0.235,0.094,Europe,2019
Greece,Western Europe,5.287000000000001,1.181,0.9990000000000001,0.067,0.0,Europe,2019
Mongolia,Eastern Asia,5.285,0.948,0.667,0.317,0.235,Asia,2019
Nigeria,Sub-Saharan Africa,5.265,0.696,0.245,0.426,0.215,Africa,2019
Kyrgyzstan,Central and Eastern Europe,5.261,0.551,0.723,0.508,0.3,Europe,2019
Turkmenistan,Central and Eastern Europe,5.247000000000001,1.052,0.657,0.39399999999999996,0.244,Europe,2019
Algeria,Middle East and Northern Africa,5.211,1.002,0.785,0.086,0.073,Africa,2019
Morocco,Middle East and Northern Africa,5.207999999999999,0.8009999999999999,0.782,0.418,0.036000000000000004,Africa,2019
Azerbaijan,Central and Eastern Europe,5.207999999999999,1.043,0.769,0.35100000000000003,0.035,Europe,2019
Lebanon,Middle East and Northern Africa,5.197,0.987,0.815,0.21600000000000003,0.166,Africa,2019
Indonesia,Southeastern Asia,5.192,0.9309999999999999,0.66,0.491,0.498,Asia,2019
China,Eastern Asia,5.191,1.0290000000000001,0.893,0.521,0.057999999999999996,Asia,2019
Vietnam,Southeastern Asia,5.175,0.741,0.851,0.5429999999999999,0.147,Asia,2019
Bhutan,Southern Asia,5.082,0.813,0.604,0.457,0.37,Asia,2019
Cameroon,Sub-Saharan Africa,5.044,0.5489999999999999,0.331,0.381,0.187,Africa,2019
Bulgaria,Central and Eastern Europe,5.011,1.092,0.815,0.311,0.081,Europe,2019
Ghana,Sub-Saharan Africa,4.996,0.611,0.486,0.381,0.245,Africa,2019
Ivory Coast,Sub-Saharan Africa,4.944,0.569,0.23199999999999998,0.35200000000000004,0.154,Africa,2019
Nepal,Southern Asia,4.913,0.446,0.677,0.439,0.285,Asia,2019
Jordan,Middle East and Northern Africa,4.906000000000001,0.8370000000000001,0.815,0.38299999999999995,0.11,Africa,2019
Benin,Sub-Saharan Africa,4.883,0.39299999999999996,0.397,0.349,0.175,Africa,2019
Congo (Brazzaville),Sub-Saharan Africa,4.812,0.6729999999999999,0.508,0.37200000000000005,0.105,Africa,2019
Gabon,Sub-Saharan Africa,4.7989999999999995,1.057,0.5710000000000001,0.295,0.043,Africa,2019
South Africa,Sub-Saharan Africa,4.7219999999999995,0.96,0.469,0.389,0.13,Africa,2019
Albania,Central and Eastern Europe,4.718999999999999,0.9470000000000001,0.8740000000000001,0.38299999999999995,0.17800000000000002,Europe,2019
Venezuela,Latin America and Caribbean,4.707,0.96,0.805,0.154,0.064,America,2019
Cambodia,Southeastern Asia,4.7,0.574,0.637,0.609,0.23199999999999998,Asia,2019
Palestinian Territories,Middle East and Northern Africa,4.696000000000001,0.657,0.672,0.225,0.10300000000000001,Africa,2019
Senegal,Sub-Saharan Africa,4.681,0.45,0.5710000000000001,0.292,0.153,Africa,2019
Niger,Sub-Saharan Africa,4.628,0.138,0.366,0.318,0.188,Africa,2019
Burkina Faso,Sub-Saharan Africa,4.587,0.331,0.38,0.255,0.177,Africa,2019
Armenia,Central and Eastern Europe,4.559,0.85,0.815,0.28300000000000003,0.095,Europe,2019
Iran,Middle East and Northern Africa,4.548,1.1,0.785,0.305,0.27,Africa,2019
Guinea,Sub-Saharan Africa,4.534,0.38,0.375,0.332,0.207,Africa,2019
Georgia,Central and Eastern Europe,4.519,0.8859999999999999,0.752,0.34600000000000003,0.043,Europe,2019
Kenya,Sub-Saharan Africa,4.5089999999999995,0.512,0.581,0.431,0.37200000000000005,Africa,2019
Mauritania,Sub-Saharan Africa,4.49,0.57,0.489,0.066,0.106,Africa,2019
Tunisia,Middle East and Northern Africa,4.461,0.9209999999999999,0.815,0.16699999999999998,0.059000000000000004,Africa,2019
Bangladesh,Southern Asia,4.456,0.562,0.723,0.527,0.166,Asia,2019
Iraq,Middle East and Northern Africa,4.437,1.043,0.574,0.24100000000000002,0.14800000000000002,Africa,2019
Congo (Kinshasa),Sub-Saharan Africa,4.418,0.094,0.35700000000000004,0.26899999999999996,0.212,Africa,2019
Mali,Sub-Saharan Africa,4.39,0.385,0.308,0.327,0.153,Africa,2019
Sierra Leone,Sub-Saharan Africa,4.374,0.268,0.242,0.309,0.252,Africa,2019
Sri Lanka,Southern Asia,4.3660000000000005,0.9490000000000001,0.831,0.47,0.244,Asia,2019
Myanmar,Southeastern Asia,4.36,0.71,0.555,0.525,0.5660000000000001,Asia,2019
Chad,Sub-Saharan Africa,4.35,0.35,0.192,0.174,0.198,Africa,2019
Ukraine,Central and Eastern Europe,4.332,0.82,0.7390000000000001,0.17800000000000002,0.187,Europe,2019
Ethiopia,Sub-Saharan Africa,4.2860000000000005,0.336,0.532,0.344,0.209,Africa,2019
Uganda,Sub-Saharan Africa,4.189,0.332,0.44299999999999995,0.35600000000000004,0.252,Africa,2019
Egypt,Middle East and Northern Africa,4.166,0.9129999999999999,0.644,0.24100000000000002,0.076,Africa,2019
Zambia,Sub-Saharan Africa,4.107,0.578,0.426,0.431,0.247,Africa,2019
Togo,Sub-Saharan Africa,4.085,0.275,0.41,0.293,0.177,Africa,2019
India,Southern Asia,4.015,0.755,0.588,0.498,0.2,Asia,2019
Liberia,Sub-Saharan Africa,3.975,0.073,0.44299999999999995,0.37,0.233,Africa,2019
Madagascar,Sub-Saharan Africa,3.9330000000000003,0.27399999999999997,0.555,0.14800000000000002,0.16899999999999998,Africa,2019
Burundi,Sub-Saharan Africa,3.775,0.046,0.38,0.22,0.17600000000000002,Africa,2019
Zimbabwe,Sub-Saharan Africa,3.6630000000000003,0.366,0.433,0.361,0.151,Africa,2019
Haiti,Latin America and Caribbean,3.597,0.32299999999999995,0.449,0.026000000000000002,0.419,America,2019
Botswana,Sub-Saharan Africa,3.488,1.041,0.5379999999999999,0.455,0.025,Africa,2019
Syria,Middle East and Northern Africa,3.4619999999999997,0.619,0.44,0.013000000000000001,0.331,Africa,2019
Malawi,Sub-Saharan Africa,3.41,0.191,0.495,0.44299999999999995,0.218,Africa,2019
Yemen,Middle East and Northern Africa,3.38,0.287,0.46299999999999997,0.14300000000000002,0.10800000000000001,Africa,2019
Rwanda,Sub-Saharan Africa,3.3339999999999996,0.359,0.614,0.555,0.217,Africa,2019
Tanzania,Sub-Saharan Africa,3.2310000000000003,0.47600000000000003,0.499,0.41700000000000004,0.276,Africa,2019
Afghanistan,Southern Asia,3.2030000000000003,0.35,0.361,0.0,0.158,Asia,2019
