Year,Country,hf_score,hf_quartile,pf_rol,pf_ss,pf_movement,pf_religion,pf_expression,pf_identity,pf_score,ef_government,ef_legal,ef_money,ef_trade,ef_regulation,ef_score
2017,Albania,7.84,1,5.3,9.3,10,9.2,8.6,5.8,8.01,7.5,5.1,9.6,8.3,7.8,7.67
2017,Algeria,4.99,4,3.8,7.8,5.8,4.9,7.3,0,5.2,3.6,4.7,7.3,2.8,5.4,4.77
2017,Angola,5.4,4,3.4,8.1,6.7,8.8,6.5,5,5.98,6.8,3,5.6,3.2,5.7,4.83
2017,Argentina,6.86,2,5.7,8.8,10,7.8,8.7,10,8.04,5.7,4,6.5,6.5,5.6,5.67
2017,Armenia,7.42,2,4.9,9.1,8.3,6.2,7.2,8.2,7.15,7.4,5.9,9.5,8.2,7.5,7.7
2017,Australia,8.62,1,7.8,9.9,10,9.1,9.4,9,9.16,7,7.9,9.5,7.6,8.5,8.07
2017,Austria,8.48,1,8.2,9.9,10,7.9,9.3,10,9.25,5.7,7.9,9.4,8.1,7.5,7.71
2017,Azerbaijan,6.22,3,4.3,9.5,8.3,5.5,4,5.8,6.1,4.8,5.5,6.8,7.3,7.2,6.34
2017,Bahamas,7.56,2,6.4,6.7,10,7.9,8.9,10,7.87,8.1,6.5,6.9,6.5,8.2,7.25
2017,Bahrain,6.63,3,5.9,7.4,4.2,7.5,4.1,5,5.91,7,5.2,9.4,7.4,7.8,7.35
2017,Bangladesh,5.77,4,3.1,7,6.7,5.9,7,1.7,5.37,8.2,3.1,7,6,6.7,6.18
2017,Barbados,7.02,2,6.7,8.6,7.5,8.5,9.1,5,7.59,6.3,5.9,6.2,7,7,6.45
2017,Belarus,6.65,3,5.1,9.2,8.3,5.2,5.8,9,6.66,6.1,5.3,7.4,6.8,7.5,6.64
2017,Belgium,8.29,1,7.8,9.8,10,8.1,9.8,9,9.07,4.9,7.1,9.5,8.2,8,7.51
2017,Belize,6.95,2,4.3,6.7,7.5,9.1,8.5,10,7.12,6.9,5.2,7.2,6.5,8.1,6.78
2017,Benin,6.77,3,4.2,8.7,5.8,9.4,9,8.8,7.47,7.1,4.2,6.7,6.1,6.4,6.08
2017,Bhutan,6.53,3,6.2,9.6,3.3,7.3,7.3,0.8,6.29,6.9,6.4,6.8,6.3,7.5,6.77
2017,Bolivia,6.61,3,3.1,8.6,8.3,8.4,8.4,10,7.07,5.9,3.5,9.3,7,4.9,6.14
2017,Bosnia and Herzegovina,7.37,2,5.5,9.1,8.3,8.5,8.7,9,8.04,5.6,4.2,8.3,7.8,7.5,6.69
2017,Botswana,7.17,2,5.6,7.6,7.5,9,7.8,5,6.97,6.4,5.9,9.3,7.4,7.9,7.37
2017,Brazil,6.48,3,4.7,6.7,10,7.4,8.5,6.7,6.74,5.7,4.5,9.4,7.1,4.4,6.23
2017,Brunei Darussalam,5.69,4,6.2,8.3,4.2,0,4.6,1.7,4.76,3.3,5.3,8.8,7.2,8.5,6.62
2017,Bulgaria,7.79,1,4.9,9.8,10,7.1,8.8,8.2,8.04,7.1,5.3,9.4,8.1,7.7,7.54
2017,Burkina Faso,6.73,3,4.9,7.9,10,8,7.7,8.8,7.39,5.7,4.3,7,6.5,6.9,6.07
2017,Burundi,5.56,4,2.9,7.8,6.7,7.5,3.2,3.8,4.95,6.9,3.5,8.2,5.9,6.3,6.17
2017,C?te d'Ivoire,6.59,3,4,7.1,6.7,9.4,8.7,10,7.2,5.9,4.2,7.1,5.9,6.7,5.97
2017,Cambodia,7.13,2,2.6,8.8,7.5,8.3,7.7,8.8,6.82,9.1,4.4,9.3,7.3,7,7.44
2017,Cameroon,5.64,4,3,8.1,2.5,7.9,6.8,3.8,5.43,6.9,3.2,7.3,5.2,6.6,5.84
2017,Canada,8.65,1,7.7,9.7,10,9,9.5,10,9.22,6.5,7.8,9.6,7.9,8.6,8.08
2017,Cape Verde,7.45,2,5.8,8.5,10,8.1,8.9,6.3,7.74,7.2,6,8.3,7.2,7.1,7.16
2017,Central Afr. Rep.,5.41,4,2.4,4.5,5,8.3,8,8.8,5.59,6.5,2.7,6.7,4.7,5.5,5.23
2017,Chad,5.46,4,3.1,6.3,6.7,8.2,7.5,2.5,5.49,7.4,2.7,6.8,5.2,5,5.42
2017,Chile,8.15,1,6.5,9.4,10,9.3,9.2,5.8,8.41,8.2,6.4,9.5,8.3,7,7.89
2017,China,6.17,4,4.7,9.3,5,3.7,5.2,9,5.92,4.7,5.6,8.5,6.8,6.5,6.42
2017,Colombia,6.93,2,4.4,5.4,10,8.7,8.4,10,7.18,7.2,3.9,8.2,6.7,7.3,6.68
2017,"Congo, Dem. R.",5.36,4,2.5,6.3,6.7,8.5,6.9,6.3,5.73,6.9,3.1,4.4,5.6,5,5
2017,"Congo, Rep. Of",5.8,4,3.4,7.7,4.2,9.4,6.7,8.8,6.52,5.6,3.1,5.7,5.4,5.6,5.08
2017,Costa Rica,7.7,2,6.6,7.5,10,8.1,9.6,7.3,7.99,7,5.8,9.8,8,6.5,7.41
2017,Croatia,7.86,1,5.7,9.9,10,8.1,8.6,10,8.45,5.7,5.6,9.6,8.2,7.3,7.26
2017,Cyprus,7.93,1,6.6,9.8,7.5,7.2,9.5,8.3,8.18,6.9,6.1,9.4,8.3,7.7,7.68
2017,Czech Rep.,8.34,1,7.8,9.9,10,7.8,9.5,8.2,8.92,6.7,6.4,9.3,8.2,8.2,7.75
2017,Denmark,8.56,1,8.7,9.8,10,7.7,8.9,10,9.24,4.7,8.1,9.8,8.5,8.4,7.89
2017,Dominican Rep.,6.95,2,4.4,8.3,8.3,8.5,8,5.8,6.98,6.4,4.1,9.5,7.9,6.6,6.92
2017,Ecuador,6.82,2,4.3,8.6,10,7.8,7.9,9.2,7.36,6.5,4,8.3,6.5,6,6.28
2017,Egypt,4.5,4,3.6,5,4.2,3.7,6.5,0,3.95,4.9,4,5.8,5.8,4.8,5.05
2017,El Salvador,6.89,2,4.4,5.8,8.3,9.1,8.9,6.7,6.62,8.4,3.6,9.9,7.6,6.3,7.16
2017,Estonia,8.46,1,7.8,9.7,10,8.3,9.6,9,9.02,6.2,7.4,9.3,8.4,8.2,7.89
2017,Eswatini,6.4,3,4.7,7.3,7.5,8,6,4.8,6.29,5.3,4.9,7.7,7,7.7,6.52
2017,Ethiopia,5.25,4,3.3,6.6,6.7,5.6,5.4,3.8,4.77,5.6,4.7,6.5,5.1,6.7,5.72
2017,Fiji,7.17,2,4.8,9.3,5.8,9.2,7.7,10,7.61,6,5.3,7,6.4,8.9,6.74
2017,Finland,8.53,1,8.6,9.8,10,7.9,9.7,9,9.27,4.7,8.8,9.4,8.2,7.9,7.8
2017,France,8.02,1,6.8,9.4,10,7.3,9.3,10,8.69,4.8,7,9.5,8.2,7.3,7.35
2017,Gabon,5.99,4,4.1,8.2,2.5,8.9,6.2,8.8,6.1,6.3,4.2,6.1,5.9,6.8,5.88
2017,"Gambia, The",5.94,4,4.5,5.5,4.2,7.6,5.4,0,4.64,7.2,5.4,9.2,7.2,7.1,7.23
2017,Georgia,7.74,1,5.4,9.1,6.7,7.2,8.6,8.2,7.53,7.6,6.3,8.9,8.7,8.1,7.94
2017,Germany,8.53,1,8.3,9.9,10,7.7,9.4,10,9.25,6.2,7.4,9.5,8,8,7.82
2017,Ghana,6.94,2,5.7,8.2,10,8.1,8.8,3.8,7.3,8,5.2,5.9,6.6,7.2,6.58
2017,Greece,7.33,2,5.8,8.7,10,7.3,8.7,8.3,8.07,4.4,5.7,8,7.7,7.2,6.59
2017,Guatemala,7.07,2,4,5.9,10,8.5,8.2,6.7,6.56,9.4,4.3,9.5,8,6.5,7.57
2017,Guinea,5.61,4,3.2,5.8,6.7,8.5,6.9,0,5.37,5.4,3.2,7.8,5.9,6.9,5.86
2017,Guinea-Bissau,6.07,4,2.9,7.5,10,9.9,7.1,7.5,6.9,5,2.9,6.3,6.2,5.8,5.23
2017,Guyana,6.74,3,4.7,7.9,7.5,9.2,8.1,7.5,7.16,5.7,4.8,8.4,6.3,6.4,6.32
2017,Haiti,6.71,3,3.4,8,7.5,8.4,8.2,6.7,6.93,8.5,2.5,7.1,7.5,6.9,6.49
2017,Honduras,6.81,3,3.2,6.5,10,8.7,6.5,6.7,6.47,8.8,3.7,9.1,7.2,6.9,7.16
2017,Hong Kong,8.81,1,7.1,10,10,8.6,8.7,9,8.7,8.2,7.9,9.6,9.3,9.4,8.91
2017,Hungary,7.65,2,5.4,8.7,10,7.3,8.8,10,8.04,5.4,6,9.7,8,7.3,7.27
2017,Iceland,8.41,1,7.8,9.9,10,8.1,9.6,9,9.08,5.8,8.4,9.5,7.3,7.7,7.74
2017,India,6.64,3,4.3,8,6.7,5.5,8,5.7,6.37,8.2,5.2,8.4,6.1,6.7,6.91
2017,Indonesia,6.83,2,4.1,8.1,7.5,3.9,7.5,7.5,6.38,8.3,4.9,9.7,6.9,6.5,7.27
2017,Iran,5.1,4,4.4,7.1,0,4.3,5.4,2.3,4.48,5.5,4.6,8,4.9,5.6,5.72
2017,Iraq,4.34,4,2.6,3.6,4.2,5.3,5.4,0,3.47,5,2.8,7.1,5.5,5.5,5.21
2017,Ireland,8.52,1,7.5,9.7,10,9.1,9.5,10,8.9,6.7,7.5,9.5,8.6,8.4,8.13
2017,Israel,7.61,2,6.8,9,6.7,5.9,8.5,6.3,7.7,6.5,6.2,9.4,8.2,7.4,7.53
2017,Italy,8.04,1,6.5,9.9,10,8,9.1,9,8.67,6.1,5.8,9.4,8.2,7.5,7.41
2017,Jamaica,7.2,2,5.4,6.5,10,9.3,9.5,4.2,7.23,7.5,5.1,8.5,6.8,8,7.17
2017,Japan,8.28,1,7.6,10,10,8.1,9.2,8.2,8.7,5.7,7.6,9.5,8.2,8.3,7.86
2017,Jordan,6.84,2,5.8,8,5,6.3,6.6,5,6.23,7.6,4.8,9.5,7.5,7.8,7.44
2017,Kazakhstan,6.9,2,4.5,9,8.3,5.5,6.2,9,6.69,7,5.3,8.9,6.6,7.7,7.1
2017,Kenya,6.85,2,4,6.9,10,7.2,8.3,6.7,6.65,7.4,5.2,9.2,6.7,6.7,7.05
2017,"Korea, South",8.2,1,7.4,9.8,8.3,9.4,9,9,8.81,7,6.5,9.6,7.6,7.3,7.59
2017,Kuwait,6.19,4,5.3,7.9,6.7,4.6,7.5,3.8,5.97,5.2,5,8.4,6.8,6.7,6.41
2017,Kyrgyz Republic,6.98,2,3.8,8.5,8.3,7.1,6.2,10,7.05,7,4.3,9.3,7.4,6.7,6.92
2017,Laos,6.2,4,3.8,8.5,5,6.7,5.8,8.8,5.74,6.3,5.6,7.4,7.5,6.5,6.67
2017,Latvia,8.29,1,6.7,9.6,10,8.5,9.4,10,8.85,6.8,6.3,9.3,8.4,7.9,7.73
2017,Lebanon,6.74,3,4.3,7,10,7.2,8.3,2.5,6.52,8.4,3.8,9.6,6.8,6.4,6.97
2017,Lesotho,6.54,3,4.7,5.7,10,9.2,7.5,5,6.57,5.6,5.4,7.7,6.4,7.4,6.5
2017,Liberia,6.35,3,3.8,7.7,8.3,9.2,7.2,1.3,6.13,7.2,4.2,9,6.2,6.2,6.56
2017,Libya,4.64,4,2.3,6.9,5.8,6.9,6.3,3.8,4.83,3.7,3.6,6.5,2.3,6.2,4.45
2017,Lithuania,8.32,1,6.8,9.4,10,8.5,9.5,9.2,8.76,7.4,6.6,9.2,8.2,8,7.88
2017,Luxembourg,8.56,1,8,10,10,9.1,9.7,9,9.26,5.4,8.3,9.4,8.3,7.9,7.86
2017,Madagascar,6.32,3,3.6,8.4,7.5,7.5,8.3,6.3,6.51,7.6,3,7.6,6.7,5.8,6.14
2017,Malawi,6.6,3,4.9,8.8,7.5,8.5,7.8,5.8,7.13,5.9,4.7,7,6.6,6,6.06
2017,Malaysia,6.52,3,5.4,8.5,5,3.9,6.8,2.3,5.7,6.4,5.6,8.2,7.8,8.7,7.34
2017,Mali,6.03,4,3.9,4.1,10,8.6,7.9,7.5,6.15,5.7,3.5,7.3,6.9,6.2,5.91
2017,Malta,8.37,1,7,9.8,10,8.4,8,9.2,8.77,7.1,6.5,9.5,8.4,8.3,7.97
2017,Mauritania,5.47,4,4.2,5.6,6.7,5.7,6,0,4.83,5.9,3.7,8,6,6.9,6.11
2017,Mauritius,7.52,2,6.3,8.9,4.2,8,9.4,1.3,6.98,8,6.9,9.4,8.5,7.5,8.07
2017,Mexico,6.65,3,3.9,5.4,10,7.6,7.7,6.7,6.38,7.9,4.2,7.9,7.6,7,6.93
2017,Moldova,6.93,2,4.5,9.2,8.3,6,7.4,10,7.2,6.4,4.3,8.1,7.5,6.9,6.66
2017,Mongolia,7.61,2,5.3,9.2,8.3,8.6,8.2,8.2,7.79,7.9,5.8,9.1,6.7,7.6,7.43
2017,Montenegro,7.43,2,5.2,9.1,10,8.9,7.7,9,8.03,5.9,4.9,8.1,8.2,7,6.84
2017,Morocco,6.18,4,4.2,7.7,9.2,4.4,7.1,1.3,5.68,6.2,5.6,7.3,7.1,7.3,6.69
2017,Mozambique,6.24,3,3.6,8.8,10,7.9,7.6,10,6.89,5.4,4.1,6.9,6.5,5,5.6
2017,Myanmar,5.44,4,3,8.3,0.8,6.3,7.7,2.5,5.26,6.8,3.6,6.7,5.2,5.9,5.63
2017,Namibia,6.75,3,5.6,7.1,7.5,8.7,8.3,6.5,6.97,5.7,6.4,6.5,6.5,7.7,6.53
2017,Nepal,6.51,3,4.3,9.1,8.3,5.2,6.7,6.7,6.53,7.2,4.5,6.8,6.6,7.2,6.49
2017,Netherlands,8.5,1,8.5,9.9,10,8.9,9.7,8.2,9.28,4.3,8.1,9.4,8.7,8.1,7.72
2017,New Zealand,8.88,1,7.9,9.9,10,9.7,9.5,9,9.27,6.6,8.6,9.5,8.6,9.1,8.5
2017,Nicaragua,6.86,2,3.8,8.9,10,7.9,7,6.7,6.72,6.6,4.4,9.1,7.8,7,7.01
2017,Niger,5.87,4,4.1,6.8,8.3,7.8,5.3,5,5.92,6.2,3.7,7.1,5.6,6.5,5.83
2017,Nigeria,6.38,3,4.3,6.1,5.8,7.3,8.2,2.5,5.9,8.6,3.3,8.6,6.1,7.8,6.86
2017,North Macedonia,7.34,2,5,9.1,8.3,8.3,7.8,9,7.66,6.7,4.3,8.1,7.9,8,7.02
2017,Norway,8.44,1,8.6,9.9,10,7.4,9.8,9.2,9.26,4.9,8.5,9.6,7.6,7.6,7.62
2017,Oman,5.98,4,5.9,8.1,4.2,5,5.3,0,5.2,4.4,6.2,8.7,7.7,6.8,6.76
2017,Pakistan,5.69,4,3.5,6.3,4.2,4,7.2,5.8,5.47,7,3.6,6.7,5.8,6.4,5.91
2017,Panama,7.69,2,4.4,8.7,10,8.4,8.7,9,7.72,7.9,5.2,9.7,8.7,6.9,7.66
2017,Pap. New Guinea,6.6,3,3.9,7.7,10,8.1,8.6,5,6.84,6.1,4.2,6.5,7.3,7.7,6.36
2017,Paraguay,6.9,2,4.1,7.6,10,8.2,7.7,5,6.78,8.3,3.9,9.4,7.3,6.2,7.03
2017,Peru,7.55,2,4.7,8.4,10,8.2,8.7,7.5,7.61,7.5,4.7,9.7,8.2,7.2,7.49
2017,Philippines,6.88,2,3.4,6.7,7.5,8.5,8.5,6.7,6.44,8.3,4.2,9.5,7.2,7.4,7.32
2017,Poland,7.78,1,6.4,9.7,10,6.3,8.6,9,8.32,5.6,5.8,9.7,7.9,7.2,7.24
2017,Portugal,8.27,1,7.2,9.9,10,9.4,9.6,9,9.02,6.2,6.8,9.4,8.3,6.8,7.52
2017,Qatar,6.15,4,6.3,8.3,1.7,4.7,7,0,5.24,5.7,6.1,8.5,7.5,7.5,7.07
2017,Romania,8.11,1,6.3,9.8,10,7.9,9,8.2,8.54,7,6.1,9.4,8.4,7.5,7.68
2017,Russia,6.34,3,4,7.7,5,4.6,6.1,9,5.9,6.3,4.8,9.3,6.8,6.6,6.78
2017,Rwanda,6.82,3,5.4,8.6,8.3,6,6.3,6.3,6.38,5.2,6.9,9.2,7.1,7.8,7.26
2017,Saudi Arabia,5.42,4,5.3,7.6,0,3.2,5.6,0,4.32,5.2,5.3,9,6.3,6.8,6.52
2017,Senegal,6.57,3,4.7,7.5,8.3,9,8.3,3.8,6.97,7,4.3,7.2,6.7,5.6,6.17
2017,Serbia,7.3,2,4.4,9.3,10,8.3,8.5,8.2,7.71,6.4,5,8.2,7.6,7.2,6.89
2017,Seychelles,7.16,2,5.3,8.3,4.2,8.1,7.7,10,7.16,6.3,5.8,9.1,7.3,7.4,7.16
2017,Sierra Leone,5.99,4,3.9,7.3,8.3,8.5,7.3,3.8,6.27,6.9,3.9,6.5,6.4,4.7,5.71
2017,Singapore,8.11,1,7.7,9.6,8.3,6.1,6.6,7.3,7.5,7.2,8.2,9.9,9.3,9,8.71
2017,Slovak Rep.,8.02,1,6.1,9.6,10,7.7,9.3,9,8.54,6.5,5.7,9.5,8.3,7.6,7.51
2017,Slovenia,7.97,1,6.5,9.7,10,9,9.4,9,8.78,5.3,6.2,9.4,7.9,7,7.15
2017,South Africa,7.08,2,5.7,5.9,10,9.4,8.9,8.2,7.55,5.8,5,8.2,6.9,7.2,6.61
2017,Spain,8.12,1,7,9.4,10,8,9.2,9,8.69,6.1,6.8,9.4,8.1,7.5,7.55
2017,Sri Lanka,6.41,3,4.5,7.4,10,6.9,7.2,3.2,6.25,7.6,4.9,7.6,5.8,6.9,6.57
2017,Sudan,4.32,4,3.4,4.9,3.3,6.5,5.7,0,3.97,7.6,3,4.4,2.3,6,4.67
2017,Suriname,7.48,2,4.9,9.3,10,9.5,8.5,10,8.3,6.4,4.7,7.2,7.2,7.7,6.65
2017,Sweden,8.5,1,8.5,9.8,10,8.9,9.7,10,9.45,4.5,7.7,9.3,8.2,8,7.56
2017,Switzerland,8.82,1,8.3,9.9,10,8.2,9.7,9,9.24,7.6,8.4,9.9,7.6,8.5,8.4
2017,Syria,3.79,4,1.8,4.7,0.8,4.4,1.9,0,2.53,5.7,3.2,5.9,5,5.4,5.05
2017,Taiwan,8.4,1,7,9.3,10,9.4,9.3,10,8.94,7.4,6.8,9.8,7.7,7.6,7.85
2017,Tajikistan,5.77,4,3,8.9,8.3,4.4,4.3,6.3,5.49,5.1,5,7.5,5.9,6.6,6.05
2017,Tanzania,6.26,3,4.2,6.8,8.3,6.4,7.5,2.5,5.75,6.7,5.7,8.3,6.2,7,6.77
2017,Thailand,6.55,3,4.3,8.8,5,7.3,7.1,5.8,6.25,6.8,4.7,8.6,7.2,7,6.86
2017,Timor-Leste,6.76,3,3.3,8.9,10,8.6,8.4,8.8,7.52,4.5,3.3,8.1,7.8,6.3,5.99
2017,Togo,6.31,3,4,8.1,5.8,8.9,8.5,2.5,6.41,6.5,5.2,7,5.7,6.6,6.21
2017,Trinidad and Tobago,6.62,3,4.7,6.5,7.5,8.6,8.7,5,6.54,5.4,4.6,9.1,7.8,6.6,6.7
2017,Tunisia,6.08,4,4.8,7.6,5,6.5,8.1,1.3,5.97,5.6,5.3,6.9,6.8,6.4,6.2
2017,Turkey,6.21,3,4,7.7,6.7,4.5,4.4,8.2,5.74,6.6,4.6,8.8,7.3,6,6.67
2017,Uganda,6.61,3,3.4,7.4,7.5,8.4,7.6,0.8,5.82,7.5,4.7,9.4,7.6,7.8,7.39
2017,Ukraine,6.26,3,4.5,7.9,6.7,5.9,7.4,9,6.56,7.2,4.4,5,6.8,6.4,5.96
2017,United Arab Emirates,6.13,4,6.4,7.7,4.2,4.7,6.3,0,5.09,5.8,5.7,9.1,8,7.2,7.17
2017,United Kingdom,8.47,1,7.7,9.3,10,7.6,9.3,9,8.85,6.2,7.8,9.7,8.4,8.4,8.09
2017,United States,8.46,1,6.9,9.1,10,8.9,9.3,9,8.72,7.2,7.4,9.8,7.7,8.9,8.19
2017,Uruguay,7.74,2,6.6,8.9,10,8.5,9.4,10,8.42,6.3,5.2,9,7.9,6.8,7.05
2017,Venezuela,3.8,4,2.1,6.3,6.7,6.9,5.1,4.2,5.03,4.6,2,0.7,3.2,2.5,2.58
2017,Vietnam,6.29,3,4.9,9.4,5,5.9,5.8,9.2,6.31,6.7,5,6.7,6.3,6.7,6.27
2017,Yemen,4.3,4,2.4,4.2,1.7,,5,0,2.75,7.1,3.2,8,5.9,5,5.84
2017,Zambia,6.49,3,4.1,8.3,4.2,7.3,6.9,5.8,6.13,6.6,5.2,8.8,7.1,6.5,6.84
2017,Zimbabwe,5.65,4,3.5,8.4,6.7,6.4,6.7,4.2,5.61,5.5,4.1,8.4,3.7,6.7,5.69
2016,Albania,7.67,2,5.3,8.7,8.3,9.2,8.6,5.8,7.7,7.9,5.1,9.6,8.2,7.5,7.64
2016,Algeria,5.22,4,3.8,7.8,6.7,4.9,7.4,1.3,5.42,3.7,4.7,7.3,4.1,5.4,5.03
2016,Angola,5.89,4,3.4,8.4,8.3,8.8,6.5,6.7,6.37,7.5,3,5.6,5.3,5.6,5.4
2016,Argentina,6.75,3,5.7,9,10,7.8,8.7,10,8.1,5.6,3.9,5.6,6.5,5.4,5.4
2016,Armenia,7.44,2,5,9.4,8.3,6.2,7.2,8.2,7.23,7.4,5.8,9.5,8.2,7.4,7.65
2016,Australia,8.62,1,7.8,9.9,10,9.1,9.4,9,9.16,7,7.9,9.5,7.5,8.5,8.07
2016,Austria,8.47,1,8.2,9.9,10,7.9,9.3,10,9.25,5.6,7.9,9.4,8.1,7.4,7.69
2016,Azerbaijan,6.07,4,4.3,8.8,5,5.5,4.7,5.8,5.69,5,5.7,7.5,7.2,6.9,6.46
2016,Bahamas,7.6,2,6.4,6.7,10,7.9,8.9,10,7.87,8.2,6.7,6.9,6.7,8.2,7.33
2016,Bahrain,6.65,3,5.9,7.7,5,7.5,4.1,5,6.07,6.7,5.3,9.4,7.4,7.4,7.24
2016,Bangladesh,5.7,4,3.1,7,5,5.9,7,1.7,5.2,8.1,3.2,7,6,6.7,6.19
2016,Barbados,7.21,2,6.7,9,10,8.5,9.1,5,8,6.4,5.8,6.4,7,6.5,6.43
2016,Belarus,6.16,3,5.1,9.2,5,5.2,5.8,8.2,6.24,6,5.5,5.3,7.2,6.4,6.08
2016,Belgium,8.22,1,7.8,9.4,10,8.1,9.8,9,8.98,4.8,7.1,9.4,8.2,7.9,7.46
2016,Belize,7.14,2,4.3,6.7,10,9.1,8.5,10,7.43,6.9,5.1,7.2,7.1,7.9,6.84
2016,Benin,6.67,3,4.2,8,5,9.4,9,10,7.33,6.9,3.8,7,6,6.3,6.01
2016,Bhutan,6.57,3,6,8.8,3.3,7.3,7.3,2.5,6.24,6.9,6.87,6.7,6.3,7.7,6.9
2016,Bolivia,6.65,3,3.1,8.2,10,8.4,8.4,10,7.14,5.9,3.6,9.4,7,5,6.17
2016,Bosnia and Herzegovina,7.39,2,5.5,8.7,10,8.5,8.7,9,8.1,5.7,4.1,8.3,7.8,7.4,6.68
2016,Botswana,7.08,2,5.6,7.2,8.3,9,7.8,4,6.84,6,6,9.1,7.8,7.8,7.32
2016,Brazil,6.28,3,4.7,5.5,10,7.4,8.5,6.7,6.44,5.7,4.6,9.2,7,4.1,6.11
2016,Brunei Darussalam,5.99,4,6.1,8.3,7.5,0,4.6,1.7,5.05,5,5.35,8.8,7.1,8.4,6.93
2016,Bulgaria,7.78,1,4.9,9.8,10,7.1,8.8,9,8.13,7.1,4.8,9.4,8.1,7.6,7.43
2016,Burkina Faso,6.63,3,4.9,7.5,8.3,8,7.7,10,7.26,5.8,3.7,7.1,6.5,6.9,6.01
2016,Burundi,5.39,4,2.9,6.4,5,7.5,3.2,5,4.52,6.7,3.5,8.8,6.1,6.3,6.27
2016,C?te d'Ivoire,6.56,3,4,6.6,6.7,9.4,8.7,10,7.09,6.1,4.6,7.1,5.7,6.6,6.02
2016,Cambodia,7.33,2,2.6,9.6,10,8.3,7.9,8.8,7.28,8.9,4.28,9.3,7.3,7.1,7.38
2016,Cameroon,5.68,4,3,7.5,5,7.9,7,3.8,5.55,7,3.2,7.2,5.1,6.5,5.8
2016,Canada,8.6,1,7.7,9.8,10,9,9.5,9,9.13,6.5,7.9,9.6,7.9,8.5,8.08
2016,Cape Verde,7.64,2,5.7,8.5,10,8.1,8.9,10,8.18,7.2,6.02,8.1,7.2,7,7.11
2016,Central Afr. Rep.,5.45,4,2.3,4.3,5,8.3,8,8.8,5.5,7.8,2.7,6.5,4.7,5.4,5.41
2016,Chad,5.11,4,3,5.1,5,8.2,7.5,1.3,4.87,7.3,2.7,6.7,5.1,5,5.35
2016,Chile,8,1,6.5,8.7,10,9.3,9.2,5,8.15,8.1,6.4,9.3,8.3,7.2,7.85
2016,China,6.02,4,4.7,8.1,5,3.7,5.2,9,5.63,4.8,5.7,8.5,6.7,6.4,6.4
2016,Colombia,6.83,2,4.4,5.5,8.3,8.7,8.5,10,7.02,7.3,3.8,8,6.8,7.3,6.63
2016,"Congo, Dem. R.",5.56,4,2.6,6.3,3.3,8.5,6.9,6.3,5.35,6.9,2.6,8.1,5.5,5.7,5.78
2016,"Congo, Rep. Of",5.61,4,3.4,7.2,3.3,9.4,7,8.8,6.35,5.1,3.1,5.6,4.9,5.6,4.87
2016,Costa Rica,7.79,1,6.6,8.4,10,8.1,9.6,6.7,8.15,7.1,5.9,9.8,8,6.4,7.44
2016,Croatia,7.72,2,5.7,9.9,10,8.1,8.6,10,8.46,5.1,5.5,9.1,8.2,7.1,6.99
2016,Cyprus,8.09,1,6.3,9.7,10,7.2,9.5,10,8.51,7.1,5.9,9.5,8.3,7.5,7.67
2016,Czech Rep.,8.38,1,7.8,9.9,10,7.8,9.5,9,9.01,6.7,6.3,9.4,8.2,8.1,7.75
2016,Denmark,8.52,1,8.7,9.9,8.3,7.7,9.7,10,9.16,4.7,8.1,9.9,8.5,8.3,7.88
2016,Dominican Rep.,7.06,2,4.4,7.8,10,8.5,8.9,6.7,7.19,6.6,4,9.5,7.9,6.6,6.93
2016,Ecuador,6.89,2,4.3,9,10,7.8,7.9,10,7.55,6.5,3.8,8.3,6.5,6,6.23
2016,Egypt,4.49,4,3.6,5,1.7,3.7,6.5,0,3.7,5.1,3.9,6.9,5.6,4.8,5.28
2016,El Salvador,7,2,4.4,6.5,10,9.1,8.1,6.7,6.9,8.2,3.6,9.8,7.7,6.2,7.09
2016,Estonia,8.48,1,7.8,9.7,10,8.3,9.6,9,9.01,6.4,7.4,9.3,8.4,8.2,7.95
2016,Eswatini,6.28,3,4.6,7.4,6.7,8,6,4.8,6.18,5,4.36,7.7,7,7.7,6.37
2016,Ethiopia,5.23,4,3.3,6,8.3,5.6,5.3,5,4.89,5.8,4.6,5.7,5,6.6,5.57
2016,Fiji,7.28,2,4.7,8.9,10,9.2,7.7,10,8.01,5.7,5.3,6.4,6.5,8.8,6.55
2016,Finland,8.51,1,8.6,9.8,10,7.9,9.7,9,9.27,4.6,8.8,9.4,8.2,7.7,7.75
2016,France,8.04,1,6.8,9.7,10,7.3,9.3,10,8.77,4.8,6.9,9.5,8.2,7.2,7.32
2016,Gabon,5.69,4,4.2,7.8,1.7,8.9,6.2,5,5.59,5.9,3.9,6.6,5.7,6.8,5.78
2016,"Gambia, The",6.09,4,3.9,5.2,6.7,7.6,2.9,3.8,4.89,7.2,5.49,9.3,7.5,7,7.28
2016,Georgia,7.65,2,5.4,8.7,6.7,7.2,8.6,8.2,7.43,7.5,6.3,8.9,8.6,8.1,7.88
2016,Germany,8.55,1,8.3,9.8,10,7.7,9.4,10,9.23,6.4,7.4,9.5,8,8,7.87
2016,Ghana,7.1,2,5.8,8.7,10,8.1,8.8,6.3,7.67,7.9,5.4,5.7,6.5,7.2,6.53
2016,Greece,7.25,2,5.8,8.6,10,7.3,8.7,7.3,7.94,4.7,5.8,8,7.7,6.7,6.57
2016,Guatemala,7.1,2,4,6.3,10,8.5,8,5.8,6.56,9.5,4.4,9.6,8.2,6.6,7.63
2016,Guinea,5.6,4,3.2,6.6,5,8.5,6.6,1.3,5.5,5.4,3.23,7.9,5.1,6.9,5.69
2016,Guinea-Bissau,5.97,4,2.8,7.1,10,9.9,7.1,8.8,6.94,4.9,2.9,6,5.7,5.4,5.01
2016,Guyana,6.69,3,4.7,7.4,10,9.2,8.1,5,7.04,6.1,4.4,8.3,6.4,6.5,6.34
2016,Haiti,6.83,2,3.6,7.6,10,8.4,8.2,6.7,7.11,8.6,2.5,7.2,7.5,7,6.56
2016,Honduras,6.71,3,3.2,5.7,8.3,8.7,8,6.7,6.23,9.2,3.4,9.3,7.2,6.8,7.19
2016,Hong Kong,8.74,1,7.1,9.5,10,8.6,8.7,9,8.59,8.2,7.9,9.6,9.3,9.4,8.89
2016,Hungary,7.76,1,5.4,9.6,10,7.3,8.8,10,8.26,5.3,5.9,9.7,8,7.4,7.26
2016,Iceland,8.39,1,7.6,10,10,8.1,9.6,9,9.06,5.8,8.4,9.6,7.2,7.7,7.72
2016,India,6.54,3,4.3,8,6.7,5.5,8,5.7,6.37,8.2,5.2,8.2,5.6,6.5,6.72
2016,Indonesia,6.93,2,4.1,8.9,8.3,3.9,7.5,6.7,6.59,8.4,4.9,9.7,7,6.4,7.27
2016,Iran,5.11,4,4.4,6.8,0,4.3,5.4,3.2,4.48,5.5,4.6,8.4,4.6,5.7,5.74
2016,Iraq,4.28,4,2.6,3.6,1.7,5.3,5.3,0,3.21,5,2.8,7.2,5.2,6.5,5.34
2016,Ireland,8.54,1,7.6,9.7,10,9.1,9.5,10,8.93,6.7,7.7,9.3,8.6,8.5,8.15
2016,Israel,7.87,1,6.9,9.2,8.3,5.9,7.9,10,8.23,6.3,6.2,9.4,8.2,7.4,7.5
2016,Italy,8.05,1,6.5,9.9,10,8,9.1,9,8.66,6.3,5.7,9.4,8.3,7.5,7.43
2016,Jamaica,7.17,2,5.4,6.5,8.3,9.3,9.5,5,7.14,7.5,5.1,8.6,6.9,8,7.2
2016,Japan,8.3,1,7.6,10,10,8.1,9.2,9,8.78,5.7,7.6,9.5,8.1,8.2,7.83
2016,Jordan,6.94,2,5.8,7.7,8.3,6.3,6.6,5,6.5,7.2,4.8,9.6,7.6,7.8,7.38
2016,Kazakhstan,6.75,3,4.5,9,6.7,5.5,6.1,9,6.52,6.9,5.4,8.6,6.5,7.5,6.99
2016,Kenya,6.98,2,4,7.3,10,7.2,8.3,7.5,6.82,7.5,4.9,9.2,6.7,7.4,7.14
2016,"Korea, South",8.26,1,7.4,9.7,10,9.4,9,9,8.98,7,6.4,9.6,7.6,7.2,7.55
2016,Kuwait,6.15,4,5.2,7.9,6.7,4.6,7.5,2.5,5.81,5,4.9,8.3,6.8,7.4,6.5
2016,Kyrgyz Republic,6.81,2,3.8,8.1,8.3,7.1,6.2,8.2,6.7,7,4.3,9.4,7.3,6.6,6.92
2016,Laos,6.22,3,3.9,8,5,6.7,5.8,10,5.78,6.6,5.94,7.3,6.8,6.6,6.66
2016,Latvia,8.3,1,6.7,9.6,10,8.5,9.4,10,8.86,7,6.2,9.3,8.4,7.9,7.75
2016,Lebanon,6.78,3,4.3,7,8.3,7.2,8.3,3.8,6.5,8.5,3.95,9.7,6.8,6.4,7.06
2016,Lesotho,6.58,3,4.9,5.3,10,9.2,7.5,5.8,6.63,5.4,5.4,7.8,6.5,7.4,6.53
2016,Liberia,6.36,3,3.8,7.6,6.7,9.2,7.2,2.5,6.05,7.6,4.19,9.4,6.2,6.1,6.68
2016,Libya,4.48,4,2.3,5.3,6.7,6.9,4.8,1.3,4.12,3.4,3.21,6.4,4.8,6.4,4.83
2016,Lithuania,8.35,1,6.8,9.3,10,8.5,9.5,10,8.82,7.3,6.5,9.3,8.2,8,7.88
2016,Luxembourg,8.52,1,8,9.9,10,9.1,9.7,9,9.24,5.1,8.4,9.3,8.3,7.9,7.79
2016,Madagascar,6.51,3,3.6,7.9,10,7.5,8.3,7.5,6.76,7.8,2.8,7.9,6.9,5.8,6.25
2016,Malawi,6.65,3,4.9,8.8,8.3,8.5,7.8,6.7,7.34,6.4,4.7,6.6,6.1,6,5.95
2016,Malaysia,6.52,3,5.4,8,5,3.9,6.8,4,5.74,6.3,5.8,8.3,7.5,8.6,7.31
2016,Mali,5.98,4,3.9,4.9,8.3,8.6,7.9,6.3,6.06,5.7,3.5,7.2,6.9,6.2,5.89
2016,Malta,8.45,1,6.8,9.9,10,8.4,9.4,10,8.95,7,6.6,9.5,8.4,8.2,7.95
2016,Mauritania,5.36,4,4,5.5,5,5.7,6,0,4.59,5.9,3.7,8.2,5.9,6.9,6.14
2016,Mauritius,7.75,2,6.4,8.9,6.7,8,9.4,3.8,7.5,7.7,6.8,9.6,8.4,7.5,8
2016,Mexico,6.78,3,3.9,5.8,10,7.6,7.7,10,6.79,7.6,4.1,8.1,7.3,6.8,6.77
2016,Moldova,6.88,2,4.5,8.4,10,6,7.4,10,7.16,6.3,4.3,8,7.5,6.9,6.6
2016,Mongolia,7.7,2,5.3,9.2,10,8.6,8.2,9,8.06,7.7,5.6,9.4,6.8,7.3,7.34
2016,Montenegro,7.34,2,5.2,9.2,10,8.9,5.2,9,7.74,6.4,4.9,8.3,8.2,6.9,6.94
2016,Morocco,6.25,3,4.2,7.8,10,4.4,7.3,2.5,5.92,6.2,5.4,7.2,6.9,7.2,6.58
2016,Mozambique,6.05,4,3.5,7.9,8.3,7.9,7.6,10,6.49,5.3,4,7.2,6.4,5.1,5.6
2016,Myanmar,5.58,4,3,7.7,3.3,6.3,7.7,4.2,5.52,6.7,3.5,6.5,5.7,5.8,5.64
2016,Namibia,6.88,2,5.8,6.7,10,8.7,8.3,7.3,7.25,5.8,6.4,6.1,6.5,7.8,6.52
2016,Nepal,6.59,3,4.3,9.2,6.7,5.2,6.7,10,6.73,7.5,4.6,6.4,6.6,7.1,6.45
2016,Netherlands,8.57,1,8.5,9.9,10,8.9,9.7,9,9.37,4.5,8.2,9.5,8.7,7.9,7.76
2016,New Zealand,8.9,1,7.9,9.9,10,9.7,9.5,9,9.26,6.8,8.7,9.5,8.6,9.2,8.55
2016,Nicaragua,6.72,3,3.8,8,8.3,7.9,7,6.7,6.34,7.1,4.5,9.1,7.8,7,7.09
2016,Niger,5.7,4,4.1,6.6,5,7.8,5.3,5,5.55,6.7,3.6,7,5.5,6.5,5.86
2016,Nigeria,6.36,3,4.3,5.1,8.3,7.3,8.2,2.5,5.88,8.5,3.6,8.7,5.9,7.6,6.85
2016,North Macedonia,7.38,2,5,8.7,8.3,8.3,7.8,9,7.58,6.5,5.1,8.1,8,8.2,7.18
2016,Norway,8.51,1,8.6,9.9,10,7.4,9.8,10,9.34,4.9,8.7,9.5,7.6,7.7,7.67
2016,Oman,6,4,5.8,8.1,5,5,5.3,0,5.27,4.3,5.9,8.8,7.7,6.8,6.73
2016,Pakistan,5.61,4,3.5,6.2,3.3,4,7.2,5,5.3,7.5,3.5,6.6,5.8,6.3,5.93
2016,Panama,7.65,2,4.4,8.7,10,8.4,8.3,9,7.68,7.5,5.2,9.7,8.7,6.9,7.61
2016,Pap. New Guinea,6.71,3,3.9,7.7,10,8.1,8.6,7.5,7.17,6.3,4.1,6.4,7.2,7.3,6.25
2016,Paraguay,6.97,2,4,7.6,10,8.2,8.4,6.7,6.98,8.3,3.8,9.3,7.3,6.1,6.96
2016,Peru,7.58,2,4.7,8,10,8.2,8.5,9.2,7.66,7.5,4.8,9.7,8.2,7.3,7.5
2016,Philippines,6.98,2,3.4,6.9,8.3,8.5,8.5,7.5,6.66,8.3,4.3,9.4,7.1,7.4,7.3
2016,Poland,7.8,1,6.4,9.7,10,6.3,8.6,9,8.33,6,5.6,9.6,7.9,7.3,7.27
2016,Portugal,8.25,1,7.2,9.9,10,9.4,9.6,9,9.02,5.9,7,9.4,8.4,6.9,7.48
2016,Qatar,6.24,3,6.4,8.3,1.7,4.7,7,0,5.26,5.7,6.24,8.7,7.6,7.8,7.21
2016,Romania,8.14,1,6.3,9.8,10,7.9,9,9,8.63,6.9,6,9.3,8.4,7.6,7.65
2016,Russia,6.24,3,4,7.8,3.3,4.6,6.1,9,5.77,6.1,5,9.1,6.8,6.5,6.71
2016,Rwanda,6.87,2,5.3,7.9,6.7,6,6.3,10,6.41,5.3,7.2,9.3,7,7.8,7.33
2016,Saudi Arabia,5.41,4,5.7,7.4,0,3.2,5.8,0,4.39,5.2,5.19,9,6,6.8,6.44
2016,Senegal,6.44,3,4.7,7.4,8.3,9,8.3,2.5,6.83,6.5,4.3,7.2,6.7,5.6,6.04
2016,Serbia,7.33,2,4.4,9.2,10,8.3,8.5,9,7.79,6.5,4.9,8.1,7.6,7.2,6.87
2016,Seychelles,7.54,2,5.4,8.3,10,8.1,7.7,10,7.9,6.1,5.67,9,7.8,7.4,7.17
2016,Sierra Leone,6.01,4,3.9,7.3,5,8.5,7.3,7.5,6.33,6.7,4,6.9,6.1,4.7,5.69
2016,Singapore,8.1,1,7.7,9.1,10,6.1,6.1,7.3,7.51,7.2,8.2,9.8,9.3,9,8.69
2016,Slovak Rep.,7.99,1,6.2,9.7,10,7.7,9.3,9,8.58,6.1,5.6,9.5,8.3,7.6,7.41
2016,Slovenia,7.96,1,6.5,9.8,10,9,9.4,9,8.8,5.2,6.2,9.5,7.9,6.8,7.13
2016,South Africa,6.99,2,5.7,6.3,6.7,9.4,8.9,9,7.41,5.7,5.2,8.1,6.8,7.2,6.58
2016,Spain,8.17,1,7,9.5,10,8,9.2,9,8.7,6.5,6.8,9.5,8.1,7.4,7.65
2016,Sri Lanka,6.45,3,4.5,8.5,8.3,6.9,7.2,2.3,6.28,7.7,4.9,7.7,5.9,6.9,6.62
2016,Sudan,4.44,4,3.2,4.5,3.3,6.5,5.7,0,3.82,8,3,5.5,2.9,5.9,5.06
2016,Suriname,7.17,2,4.9,8.2,10,9.5,8.5,10,8.03,6.6,5.22,6,7.2,6.6,6.31
2016,Sweden,8.5,1,8.5,9.9,10,8.9,9.7,9.2,9.38,4.6,7.8,9.3,8.2,8.2,7.63
2016,Switzerland,8.79,1,8.3,9.5,10,8.2,9.7,9,9.13,7.7,8.5,9.9,7.6,8.5,8.44
2016,Syria,3.69,4,2,4.7,0,4.4,1.8,0,2.45,5.7,3.4,5.1,4.9,5.4,4.93
2016,Taiwan,8.45,1,7,9.7,10,9.4,9.3,10,9.04,7.4,6.8,9.7,7.7,7.7,7.85
2016,Tajikistan,5.99,4,3.3,8.4,8.3,4.4,4.3,8.8,5.72,5.4,5.12,7.6,6.4,6.8,6.26
2016,Tanzania,6.36,3,4.2,7.1,8.3,6.4,7.5,4.2,5.98,6.7,5.7,8.2,6.2,7,6.74
2016,Thailand,6.49,3,4.3,8.4,6.7,7.3,7.2,4.2,6.14,6.6,4.7,8.6,7.1,7.1,6.83
2016,Timor-Leste,6.4,3,3.3,7.1,6.7,8.6,8.4,7.5,6.52,4.8,3.54,8.7,7.1,7.4,6.29
2016,Togo,6.36,3,4.2,7.7,6.7,8.9,8.5,5,6.67,7.1,4.3,7,5.5,6.3,6.04
2016,Trinidad and Tobago,6.68,3,4.7,5.7,10,8.6,8.7,5,6.64,5.5,4.5,9.1,7.8,6.6,6.71
2016,Tunisia,6.13,4,4.8,7.3,5,6.5,8,2.5,6.01,5.6,5.3,7.1,6.9,6.4,6.25
2016,Turkey,6.29,3,4,7.5,6.7,4.5,4.2,9,5.76,6.5,4.8,9,7.2,6.6,6.83
2016,Uganda,6.71,3,3.4,7.4,8.3,8.4,7.9,2.5,6.11,8,4.7,8.6,7.5,7.7,7.31
2016,Ukraine,6.16,4,4.6,8,5,5.9,7.3,9,6.4,7.1,4.5,4.9,6.6,6.5,5.92
2016,United Arab Emirates,6.29,3,6.4,8,5,4.7,6.3,0,5.25,5.9,6.1,9.1,8.2,7.4,7.33
2016,United Kingdom,8.52,1,7.7,9.8,10,7.6,9.3,9,8.97,6.2,7.8,9.8,8.4,8,8.06
2016,United States,8.45,1,7,9.1,10,8.9,9.3,9,8.73,7.1,7.4,9.8,7.7,8.8,8.17
2016,Uruguay,7.64,2,6.6,8.1,10,8.5,9.4,10,8.22,6.4,5.4,9,7.8,6.8,7.06
2016,Venezuela,4.13,4,2.1,6.3,10,6.9,5.1,6.7,5.6,4.8,2,0.7,3.3,2.5,2.65
2016,Vietnam,6.06,4,4.9,9,1.7,5.9,5.8,9,5.86,6.8,5.1,6.5,6.3,6.7,6.26
2016,Yemen,4.19,4,2.6,3.8,0,,3.8,0,2.22,6.7,3.13,9,6.7,5.2,6.16
2016,Zambia,6.39,3,4.1,8.3,5,7.3,6.8,5,6.11,6.2,5.3,8.3,7.1,6.4,6.66
2016,Zimbabwe,5.72,4,3.5,7.9,5,6.4,6.7,5,5.42,5.9,3.8,8.3,5.6,6.5,6.02
2015,Albania,7.58,2,5.2,8.8,6.7,9.2,8.6,5.8,7.53,7.9,5,9.6,8.1,7.6,7.64
2015,Algeria,5.04,4,3.8,7.7,5,5.3,7.4,1.3,5.29,3.2,4.6,6.9,4,5.4,4.8
2015,Angola,5.79,4,3.5,8,5,8.8,6.5,6.7,5.97,7.3,3,6.9,5.2,5.7,5.61
2015,Argentina,6.54,3,5.5,9,10,7.9,8.6,10,8.03,5.7,3.8,6.5,3.8,5.5,5.06
2015,Armenia,7.34,2,4.6,9.5,6.7,6.4,7.2,8.2,7,7.5,5.8,9.5,8.2,7.4,7.67
2015,Australia,8.61,1,7.9,9.9,10,9.1,9.4,9,9.19,6.8,8,9.4,7.6,8.5,8.03
2015,Austria,8.56,1,8.6,9.9,10,8.2,9.3,10,9.38,5.6,8,9.6,8.1,7.4,7.74
2015,Azerbaijan,5.97,4,4.1,9,5,5.7,3.8,5.8,5.61,5,5.3,7.3,7.1,7,6.33
2015,Bahamas,7.63,2,6.6,6.7,10,7.8,9,10,7.92,8.3,6.8,6.8,6.7,8.2,7.35
2015,Bahrain,6.66,3,5.9,7.5,6.7,7.8,4.1,5,6.2,5.5,5.3,9.2,7.4,8.2,7.11
2015,Bangladesh,5.75,4,3.1,7.3,5,6.6,6.9,1.7,5.3,8.3,3,7,6,6.7,6.21
2015,Barbados,7.25,2,7,8.5,10,8.8,9.2,5,8,6.5,5.8,6.7,7,6.5,6.5
2015,Belarus,,,,,,,,,,,,,,,
2015,Belgium,8.37,1,8.1,9.7,10,8.3,9.8,9,9.16,4.8,7.3,9.7,8.3,7.9,7.57
2015,Belize,6.95,2,4,6.7,10,9.1,8.8,7.5,7.09,7,5.1,6.9,7.1,7.9,6.8
2015,Benin,6.67,3,4.4,8,6.7,9.9,9,10,7.58,6.5,3.6,6.9,5.9,5.9,5.76
2015,Bhutan,6.74,3,6.1,8.8,5,7.6,7.3,2.5,6.51,7,6.86,7,6.3,7.6,6.96
2015,Bolivia,6.64,3,3.5,8.2,10,8.6,8.5,10,7.28,5.9,3.6,8.7,6.8,5,6
2015,Bosnia and Herzegovina,7.3,2,5.8,8.7,6.7,8.8,8.7,9,7.91,5.7,4.2,8.5,7.8,7.3,6.69
2015,Botswana,7,2,5.2,7.2,8.3,9.3,7.8,4,6.76,5.4,6.2,9.1,7.7,7.9,7.24
2015,Brazil,6.21,3,4.8,5.8,10,7.7,8.4,6.7,6.59,5.5,4.5,8,6.9,4.3,5.83
2015,Brunei Darussalam,5.89,4,5.9,8.3,7.5,0,4.6,1.7,5.01,5,5.24,8.5,7,8.1,6.77
2015,Bulgaria,7.82,2,5.2,9.8,10,7.4,8.9,9,8.21,7.1,4.9,9.4,8.1,7.6,7.42
2015,Burkina Faso,6.56,3,4.4,7.6,8.3,8.2,7.7,10,7.19,6,3.6,7,6.5,6.6,5.94
2015,Burundi,5.13,4,3.3,6.1,1.7,7.3,2.9,5,4.19,6.7,3.1,7.8,6.1,6.6,6.06
2015,C?te d'Ivoire,6.4,3,3.6,6.3,6.7,9.3,8.7,10,6.9,6.1,4.6,7,5.7,6.2,5.9
2015,Cambodia,7.4,2,2.7,9.6,10,8.7,7.9,8.8,7.36,9.1,4.35,9.3,7.4,7.2,7.45
2015,Cameroon,5.42,4,3.1,6.2,3.3,8.1,7,3.8,5.1,7.1,3.3,7.1,5,6.3,5.74
2015,Canada,8.57,1,7.7,9.8,10,8.9,9.5,9,9.11,6.3,7.9,9.6,7.9,8.5,8.03
2015,Cape Verde,7.81,2,6.2,8.8,10,9.2,8.9,10,8.52,7.2,6.08,8.4,7,6.8,7.09
2015,Central Afr. Rep.,5.12,4,2.5,4.2,3.3,8.7,8,8.8,5.4,6.8,2.6,4.8,4.7,5.3,4.84
2015,Chad,5.4,4,3.3,4.2,8.3,8,7.5,6.3,5.54,7.1,2.8,6.4,5.2,4.9,5.26
2015,Chile,8.02,1,6.7,8.7,10,9.2,9.2,5,8.18,8.1,6.5,9.3,8.2,7.1,7.85
2015,China,5.91,4,4.7,8.1,3.3,4.1,5.1,9,5.49,4.8,5.6,8.3,6.6,6.3,6.33
2015,Colombia,6.81,2,4.5,5.2,8.3,9,8.2,10,6.97,7.2,3.8,8,6.9,7.4,6.66
2015,"Congo, Dem. R.",5.29,4,2.7,6,1.7,8,6,6.3,4.92,6.4,2.7,8,5.4,5.8,5.66
2015,"Congo, Rep. Of",5.8,4,3.5,7.3,6.7,9.1,7.6,8.8,6.77,4.9,3.3,5.8,4.7,5.5,4.83
2015,Costa Rica,7.84,1,6.7,8.5,10,8.8,9.6,6.7,8.23,7.2,5.8,9.8,8,6.4,7.44
2015,Croatia,7.8,2,5.8,9.9,10,8.3,8.6,10,8.52,5,5.7,9.3,8.2,7.1,7.07
2015,Cyprus,8.17,1,6.9,9.7,10,7.5,9.4,10,8.68,7.1,5.8,9.7,8.2,7.4,7.66
2015,Czech Rep.,8.36,1,7.7,9.9,10,8.3,9.5,9,9.01,6.3,6.2,9.6,8.2,8.2,7.7
2015,Denmark,8.6,1,8.7,9.8,10,7.7,9.7,10,9.34,4.7,8.2,9.6,8.4,8.4,7.86
2015,Dominican Rep.,6.97,2,4.5,7.8,6.7,9,8.9,6.7,6.94,6.6,4.1,9.5,8.2,6.6,6.99
2015,Ecuador,6.77,3,4.2,8.8,10,7.6,7.9,10,7.45,5.9,3.9,8.1,6.5,6.1,6.09
2015,Egypt,4.49,4,3.5,4.8,1.7,4.1,6.5,0,3.66,5.1,3.5,7.5,5.6,5,5.33
2015,El Salvador,7.07,2,4.5,6.5,10,9.2,9,6.7,7.04,8.2,3.7,9.6,7.7,6.3,7.1
2015,Estonia,8.46,1,7.6,9.5,10,8.4,9.6,9,8.93,6.2,7.5,9.5,8.5,8.2,7.99
2015,Eswatini,6.32,3,4.7,7.5,6.7,8.5,6,4.8,6.29,5.2,4.11,7.9,7,7.6,6.36
2015,Ethiopia,5.08,4,3,6.2,6.7,6.4,5.5,5,4.82,5.6,4.6,5.5,4.9,6,5.34
2015,Fiji,7.15,2,4.6,8.9,8.3,9.1,7.4,10,7.71,5.9,5.3,6.3,6.6,8.8,6.59
2015,Finland,8.59,1,8.7,9.8,10,9,9.7,9,9.38,4.6,8.9,9.6,8.2,7.7,7.79
2015,France,8.08,1,6.9,9.7,10,7.3,8.5,10,8.74,4.8,7.1,9.8,8.2,7.3,7.42
2015,Gabon,5.6,4,4.3,8.2,0,8.6,6.3,5,5.51,5.8,3.9,6.4,5.7,6.6,5.69
2015,"Gambia, The",6.09,4,4.1,5.2,6.7,8.5,2.8,3.8,5.03,7.1,5.26,9.2,7.4,6.8,7.15
2015,Georgia,7.88,1,6,8.7,8.3,7.6,8.7,8.2,7.79,7.6,6.6,9,8.7,8,7.97
2015,Germany,8.57,1,8.3,9.9,10,8.1,9.4,10,9.29,6.4,7.4,9.6,7.9,7.8,7.85
2015,Ghana,6.96,2,5.3,8.7,10,8,8.7,6.3,7.54,7.5,5.4,5.6,6.5,6.8,6.39
2015,Greece,7.32,2,6,8.7,10,8,8.6,7.3,8.06,4.3,6,8.3,7.6,6.6,6.58
2015,Guatemala,7.13,2,3.9,6.3,10,9,7.7,5.8,6.57,9.4,4.5,9.6,8.2,6.6,7.68
2015,Guinea,5.46,4,3.3,6.6,3.3,8.7,7,1.3,5.42,5.2,2.98,7.8,5,6.6,5.51
2015,Guinea-Bissau,6.06,4,3.1,7.2,10,9,7,8.8,6.94,5.3,3,6.4,6.1,5.2,5.19
2015,Guyana,6.72,3,4.3,7.2,10,9.3,8.2,5,6.95,6.8,4.3,8.3,6.4,6.7,6.5
2015,Haiti,6.85,2,3.3,7.5,10,9.2,8.2,6.7,7.11,8,2.5,7.8,7.8,7,6.6
2015,Honduras,6.81,2,3.3,5.7,8.3,8.7,7.9,6.7,6.24,9.2,4,9.4,7.4,6.9,7.38
2015,Hong Kong,8.82,1,7.8,9.5,10,8.4,8.8,9,8.75,8.2,8.1,9.5,9.2,9.4,8.88
2015,Hungary,7.84,1,5.9,9.5,10,8,8.9,10,8.44,5.2,6,9.5,7.9,7.5,7.23
2015,Iceland,8.22,1,7.9,9.9,10,8.1,9.6,9,9.13,5.8,8.5,7.2,7.2,8,7.31
2015,India,6.49,3,4.2,7.7,6.7,5.9,8,5.7,6.29,8.2,5.1,8.1,5.6,6.5,6.69
2015,Indonesia,6.78,3,4.1,8.9,6.7,4.3,7.5,6.7,6.47,8.2,4.5,9.4,7,6.3,7.09
2015,Iran,5.01,4,4.3,6.8,0,4.3,5.2,3.2,4.44,6,4.5,7.8,4.5,5.1,5.59
2015,Iraq,,,,,,,,,,,,,,,
2015,Ireland,8.68,1,8.1,9.8,10,8.7,9.5,10,9.04,6.7,8,9.5,8.8,8.6,8.32
2015,Israel,7.66,2,7.1,9.2,1.7,6.7,9,10,7.82,6.3,6.1,9.5,8.1,7.4,7.49
2015,Italy,8.09,1,6.6,9.9,10,8.2,9.1,9,8.69,6.3,5.7,9.7,8.3,7.5,7.48
2015,Jamaica,7.18,2,5.2,6.5,8.3,9.5,9.6,5,7.11,7.6,5.2,8.7,6.9,7.9,7.25
2015,Japan,8.3,1,7.6,10,10,7.9,9.2,9,8.75,5.7,7.6,9.6,8.1,8.2,7.85
2015,Jordan,6.91,2,5.7,7.9,6.7,6.5,6.7,5,6.39,7.2,4.8,9.7,7.6,7.9,7.43
2015,Kazakhstan,6.77,3,4.5,9,5,5.7,6.4,9,6.4,7,5.6,8.9,6.4,7.8,7.14
2015,Kenya,6.69,3,3.7,6.9,6.7,7.4,8.2,7.5,6.31,7.6,4.7,9.1,6.6,7.3,7.07
2015,"Korea, South",8.21,1,7.6,9.7,8.3,9.3,9,9,8.84,7,6.5,9.7,7.5,7.2,7.57
2015,Kuwait,5.89,4,5.2,7.1,5,5.1,7.1,2.5,5.45,4.9,5,7.6,6.7,7.4,6.33
2015,Kyrgyz Republic,6.47,3,4,7.6,5,6.7,6.2,8.2,6.16,6.9,4.2,8.6,7.4,6.7,6.78
2015,Laos,6.24,3,3.9,7.9,5,7.4,5.8,10,5.82,6.8,5.98,7.3,6.8,6.3,6.65
2015,Latvia,8.33,1,6.5,9.6,10,8.7,9.3,10,8.82,6.8,6.4,9.5,8.3,8.2,7.85
2015,Lebanon,6.54,3,4.1,5.9,6.7,7.5,8.3,3.8,6.02,8.5,4.05,9.6,6.9,6.3,7.06
2015,Lesotho,6.65,3,4.9,5.6,10,9,7.7,5.8,6.7,5.4,5.8,7.9,6.5,7.5,6.6
2015,Liberia,6.48,3,3.7,7.6,6.7,9,7.4,2.5,6.01,8.5,4.68,9.1,6.1,6.3,6.94
2015,Libya,4.48,4,2.6,5,5,7,5.5,1.3,4.03,3.4,3.21,7,4.8,6.2,4.93
2015,Lithuania,8.38,1,6.9,9.2,10,8.8,9.5,10,8.85,7.3,6.5,9.4,8.2,8,7.9
2015,Luxembourg,8.56,1,8.3,9.9,10,9,9.7,9,9.31,5,8.4,9.5,8.3,7.9,7.81
2015,Madagascar,6.59,3,3.7,8,10,7.6,8.3,7.5,6.82,8.1,2.9,8,6.8,5.9,6.36
2015,Malawi,6.58,3,4.9,8.8,8.3,8.6,7.8,6.7,7.35,6.4,4.6,6.2,6,5.8,5.8
2015,Malaysia,6.67,3,5.4,8.1,5,4.5,6.8,4,5.81,6.2,5.8,9.5,7.5,8.7,7.53
2015,Mali,5.93,4,4,4.7,8.3,8.1,7.9,6.3,5.98,5.7,3.6,7,6.9,6.2,5.88
2015,Malta,8.48,1,7.1,9.9,10,8.6,9.4,10,9.03,6.9,6.6,9.7,8.4,8.1,7.92
2015,Mauritania,5.34,4,3.8,5.1,8.3,6.2,6,0,4.85,5.6,3.3,7.7,6,6.6,5.83
2015,Mauritius,7.82,2,6.6,8.9,6.7,8.2,9.4,3.8,7.59,7.9,6.5,9.6,8.4,7.9,8.05
2015,Mexico,6.88,2,3.8,6.1,10,7.6,7.8,10,6.88,7.6,4.2,8.2,7.6,6.9,6.88
2015,Moldova,6.78,2,4.5,8.4,8.3,6.4,7.4,10,7.03,6.2,4.2,7.8,7.4,6.9,6.53
2015,Mongolia,7.67,2,5.3,8.8,10,9,8.2,9,8.01,7.9,5.6,9,6.9,7.1,7.33
2015,Montenegro,7.54,2,5.3,9.5,10,7.9,8,9,8.05,6.4,4.8,8.4,8.1,7.3,7.03
2015,Morocco,6.16,3,4,7.8,8.3,5,7.3,2.5,5.76,6.2,5.6,7.3,6.8,7,6.57
2015,Mozambique,6.1,4,3.8,8.4,8.3,8.1,7.7,10,6.71,5.4,4,6.4,6.4,5.2,5.49
2015,Myanmar,5.49,4,3.2,7.5,1.7,7.2,7.8,4.2,5.46,6.6,3.4,6.3,5.7,5.6,5.52
2015,Namibia,6.94,2,5.5,6.7,10,8.8,8.2,7.3,7.19,6,6.5,6.6,6.4,7.8,6.68
2015,Nepal,6.72,3,4.2,9.5,8.3,6,6.6,10,7.02,7.7,4.5,6.4,6.7,6.7,6.41
2015,Netherlands,8.56,1,8.5,9.9,10,8.6,9.7,9,9.34,4.5,8.2,9.8,8.6,7.9,7.78
2015,New Zealand,8.89,1,7.8,9.9,10,9.8,9.5,9,9.25,6.8,8.7,9.5,8.6,9.1,8.54
2015,Nicaragua,6.68,3,3.4,7.9,8.3,8.5,7.1,6.7,6.27,7.1,4.4,8.9,7.8,7.1,7.08
2015,Niger,5.61,4,4.3,6.3,6.7,7.4,5.3,5,5.62,6.2,3.4,6.8,5.5,6.1,5.59
2015,Nigeria,6.03,4,4.2,3.9,6.7,7.7,8.2,2.5,5.44,8.5,3.6,7.9,5.9,7.2,6.63
2015,North Macedonia,7.33,2,5.1,8.7,6.7,8.6,7.9,9,7.46,6.5,5.1,8.3,8,8.2,7.21
2015,Norway,8.31,1,8.6,9.9,10,7.7,9.8,10,9.39,4.9,8.8,7,7.7,7.8,7.24
2015,Oman,6.05,4,5.8,8.1,6.7,5.6,5.3,0,5.5,4.3,6,8.3,7.6,6.7,6.6
2015,Pakistan,5.65,4,3.5,5.9,5,4.5,7.3,5,5.44,7.5,3.3,6.4,5.8,6.3,5.85
2015,Panama,7.69,2,4.4,8.4,10,8.5,8.5,9,7.66,8.2,5.4,9.4,8.7,7,7.72
2015,Pap. New Guinea,6.68,3,3.8,7.7,10,8,8.6,7.5,7.13,6.1,4.1,6.5,7.2,7.3,6.24
2015,Paraguay,6.9,2,4.1,7.6,8.3,8.4,8.4,6.7,6.84,8.3,3.9,9.2,7.3,6,6.95
2015,Peru,7.61,2,4.6,8,10,8.4,8.6,9.2,7.67,7.6,4.8,9.6,8.2,7.5,7.54
2015,Philippines,7.11,2,3.9,6.7,8.3,9.2,8.3,7.5,6.8,8.6,4.4,9.4,7.1,7.4,7.42
2015,Poland,8.02,1,7.1,9.9,10,7,8.7,9,8.62,6,5.8,9.6,8,7.7,7.41
2015,Portugal,8.28,1,7.2,9.9,10,9.6,9.5,9,9.02,6,7,9.7,8.4,6.7,7.55
2015,Qatar,6.32,3,6.5,8.3,3.3,5.1,7,0,5.48,5.8,6.3,8.4,7.6,7.8,7.16
2015,Romania,8.17,1,6.3,9.8,10,8.6,9,9,8.69,6.9,5.9,9.4,8.5,7.6,7.65
2015,Russia,6.09,4,3.9,7.4,3.3,4.9,6.2,9,5.66,6.1,4.8,8.5,6.6,6.5,6.52
2015,Rwanda,7.01,2,5.3,8.5,6.7,6.1,6.3,10,6.55,5.7,7.3,9.4,7,8,7.47
2015,Saudi Arabia,5.25,4,5.4,7.4,0,3.8,5.7,0,4.35,5,5.29,8.3,6.1,6.1,6.15
2015,Senegal,6.37,3,4.9,7.4,6.7,9.4,8.2,2.5,6.74,6.9,4.2,7.1,6.6,5.2,6.01
2015,Serbia,7.35,2,4.6,9.3,10,9,8.7,9,7.92,6.5,4.9,7.8,7.6,7.1,6.78
2015,Seychelles,7.53,2,5.6,9,7.5,8.7,7.7,10,7.87,6.1,5.52,9.3,7.7,7.4,7.19
2015,Sierra Leone,6.29,3,4.1,7.3,8.3,9.1,7.4,7.5,6.88,7,4,7.1,5.8,4.7,5.71
2015,Singapore,8.08,1,8,9.1,8.3,6,6.6,7.3,7.48,7.2,8.3,9.8,9.2,8.8,8.68
2015,Slovak Rep.,7.98,1,6,9.7,10,8.1,9.3,9,8.59,5.7,5.6,9.7,8.3,7.4,7.37
2015,Slovenia,8.06,1,7,9.7,10,9.1,9.4,9,8.93,5.1,6.3,9.8,7.9,6.9,7.2
2015,South Africa,7.24,2,5.7,6.3,10,9.2,9,9,7.72,5.7,5.8,8.1,6.9,7.4,6.76
2015,Spain,8.2,1,7,9.5,10,8.8,9.2,9,8.76,6.2,6.8,9.8,8,7.3,7.63
2015,Sri Lanka,6.39,3,4.5,8.2,6.7,6.9,7.1,2.3,6.03,7.6,5.3,8.1,5.9,6.9,6.76
2015,Sudan,,,,,,,,,,,,,,,
2015,Suriname,7.44,2,4.9,8.4,10,9.3,8.5,10,8.03,6,5.07,8.9,7.2,7.1,6.85
2015,Sweden,8.6,1,8.5,9.8,10,8.9,9.7,9.2,9.36,4.6,8.3,9.7,8.3,8.2,7.83
2015,Switzerland,8.81,1,8.4,9.5,10,8.6,9.7,9,9.2,7.7,8.6,9.8,7.5,8.5,8.42
2015,Syria,3.83,4,2.9,4.7,0,5.3,1.8,0,2.79,5.7,3.4,4.9,4.9,5.4,4.87
2015,Taiwan,8.4,1,7.1,9.7,10,9.2,9.3,10,9.05,7.4,6.8,9.6,7.6,7.3,7.74
2015,Tajikistan,5.99,4,3.5,8.1,8.3,4.7,4.4,8.8,5.71,5.5,5.14,7.8,6.4,6.5,6.27
2015,Tanzania,6.43,3,4.2,7,8.3,7,7.6,4.2,6.02,7.1,5.7,8.1,6.3,7.1,6.84
2015,Thailand,6.58,3,4.4,8.2,8.3,8.1,7.1,4.2,6.36,6.6,4.8,8.5,7.1,7.1,6.79
2015,Timor-Leste,6.53,3,3.4,8.5,6.7,7.9,8.4,7.5,6.77,4.6,3.54,8.8,7,7.4,6.29
2015,Togo,6.25,3,3.9,7.7,6.7,9.1,8.3,5,6.62,6.6,4.4,7,5.5,6,5.88
2015,Trinidad and Tobago,6.58,3,5,5.7,10,9.1,8.7,5,6.76,5.3,4.4,8.3,7.8,6.3,6.4
2015,Tunisia,6.34,3,4.7,7.2,8.3,6.9,8.2,2.5,6.36,6,5.3,7.1,6.8,6.4,6.31
2015,Turkey,6.66,3,4.1,8.3,10,4.9,5.5,9,6.49,6.6,4.7,9.1,7.2,6.5,6.84
2015,Uganda,6.63,3,3.2,7,8.3,8.6,7.9,2.5,5.99,7.5,4.9,8.6,7.4,7.9,7.26
2015,Ukraine,5.88,4,4.6,6.4,8.3,5.9,7.3,9,6.35,7,4.3,3.3,6.5,5.9,5.4
2015,United Arab Emirates,6.16,4,6.3,7.7,3.3,5.1,6.2,0,5.03,5.9,6,8.4,8.2,7.9,7.28
2015,United Kingdom,8.55,1,7.8,9.9,10,7.9,9.3,9,9.02,6.2,7.9,9.8,8.4,8,8.07
2015,United States,8.44,1,7.1,9.3,10,8.6,9.3,9,8.81,7.1,7.2,9.8,7.5,8.7,8.07
2015,Uruguay,7.71,2,7,8,10,8.9,9.3,10,8.32,6.6,5.5,9.1,7.8,6.4,7.09
2015,Venezuela,4.08,4,1.8,6.3,8.3,7.3,5.2,6.7,5.44,4.9,2,0.7,3.3,2.6,2.71
2015,Vietnam,6.06,4,5.2,8.6,3.3,5.7,5.9,9,5.99,6.8,5,6.2,6,6.6,6.13
2015,Yemen,4.21,4,3.2,3.5,1.7,,3.2,0,2.48,6.4,3.02,8.1,6.8,5.4,5.94
2015,Zambia,6.51,3,4.2,8.3,5,7.9,7,5,6.23,6.3,5.6,8.7,7,6.4,6.79
2015,Zimbabwe,5.73,4,3.5,7.6,5,6.4,6.7,5,5.32,6.4,3.8,8.2,5.7,6.6,6.13
